Site_ID,Market,Density,FY,Cost_Line_Description,Amount_USD,Traffic_TB_annual
SITE-10000,TN Border,Rural,2025,Tower / Collocation,26180.65,115.78
SITE-10000,TN Border,Rural,2025,MW transport — 3rd party,16309.87,115.78
SITE-10000,TN Border,Rural,2025,Fiber backhaul circuit,13655.27,115.78
SITE-10000,TN Border,Rural,2025,Field workforce (contract),22211.84,115.78
SITE-10000,TN Border,Rural,2025,OEM RAN maint.,14476.81,115.78
SITE-10000,TN Border,Rural,2025,Power & gen fuel,5812.28,115.78
SITE-10000,TN Border,Rural,2025,Small cell attach fees,5109.12,115.78
SITE-10000,TN Border,Rural,2025,NOC / dispatch (allocated),7060.95,115.78
SITE-10000,TN Border,Rural,2025,Spares & logistics,5501.65,115.78
SITE-10001,AL Panhandle,Suburban,2025,Tower / Collocation,20754.38,79.58
SITE-10001,AL Panhandle,Suburban,2025,MW transport — 3rd party,13766.05,79.58
SITE-10001,AL Panhandle,Suburban,2025,Fiber backhaul circuit,10563.46,79.58
SITE-10001,AL Panhandle,Suburban,2025,Field workforce (contract),14232.22,79.58
SITE-10001,AL Panhandle,Suburban,2025,OEM RAN maint.,12022.86,79.58
SITE-10001,AL Panhandle,Suburban,2025,Power & gen fuel,5207.44,79.58
SITE-10001,AL Panhandle,Suburban,2025,Small cell attach fees,4425.5,79.58
SITE-10001,AL Panhandle,Suburban,2025,NOC / dispatch (allocated),5811.51,79.58
SITE-10001,AL Panhandle,Suburban,2025,Spares & logistics,4570.07,79.58
SITE-10002,TN Border,Rural,2025,Tower / Collocation,25244.06,34.91
SITE-10002,TN Border,Rural,2025,MW transport — 3rd party,16169.28,34.91
SITE-10002,TN Border,Rural,2025,Fiber backhaul circuit,11987.69,34.91
SITE-10002,TN Border,Rural,2025,Field workforce (contract),21945.45,34.91
SITE-10002,TN Border,Rural,2025,OEM RAN maint.,14385.33,34.91
SITE-10002,TN Border,Rural,2025,Power & gen fuel,6642.27,34.91
SITE-10002,TN Border,Rural,2025,Small cell attach fees,5006.48,34.91
SITE-10002,TN Border,Rural,2025,NOC / dispatch (allocated),7060.56,34.91
SITE-10002,TN Border,Rural,2025,Spares & logistics,5124.91,34.91
SITE-10003,TN Border,Urban,2025,Tower / Collocation,20862.59,19.3
SITE-10003,TN Border,Urban,2025,MW transport — 3rd party,13765.29,19.3
SITE-10003,TN Border,Urban,2025,Fiber backhaul circuit,10756.53,19.3
SITE-10003,TN Border,Urban,2025,Field workforce (contract),15146.15,19.3
SITE-10003,TN Border,Urban,2025,OEM RAN maint.,12032.08,19.3
SITE-10003,TN Border,Urban,2025,Power & gen fuel,5263.42,19.3
SITE-10003,TN Border,Urban,2025,Small cell attach fees,4122.41,19.3
SITE-10003,TN Border,Urban,2025,NOC / dispatch (allocated),6266.31,19.3
SITE-10003,TN Border,Urban,2025,Spares & logistics,4457.24,19.3
SITE-10004,Rural West,Suburban,2025,Tower / Collocation,19736.8,67.38
SITE-10004,Rural West,Suburban,2025,MW transport — 3rd party,13703.11,67.38
SITE-10004,Rural West,Suburban,2025,Fiber backhaul circuit,9646.58,67.38
SITE-10004,Rural West,Suburban,2025,Field workforce (contract),16002.39,67.38
SITE-10004,Rural West,Suburban,2025,OEM RAN maint.,11725.32,67.38
SITE-10004,Rural West,Suburban,2025,Power & gen fuel,5267.41,67.38
SITE-10004,Rural West,Suburban,2025,Small cell attach fees,4440.9,67.38
SITE-10004,Rural West,Suburban,2025,NOC / dispatch (allocated),5910.89,67.38
SITE-10004,Rural West,Suburban,2025,Spares & logistics,4296.74,67.38
SITE-10005,South MS,Urban,2025,Tower / Collocation,21508.33,17.96
SITE-10005,South MS,Urban,2025,MW transport — 3rd party,14327.67,17.96
SITE-10005,South MS,Urban,2025,Fiber backhaul circuit,10581.3,17.96
SITE-10005,South MS,Urban,2025,Field workforce (contract),15948.72,17.96
SITE-10005,South MS,Urban,2025,OEM RAN maint.,11670.24,17.96
SITE-10005,South MS,Urban,2025,Power & gen fuel,5143.72,17.96
SITE-10005,South MS,Urban,2025,Small cell attach fees,4290.26,17.96
SITE-10005,South MS,Urban,2025,NOC / dispatch (allocated),5763.36,17.96
SITE-10005,South MS,Urban,2025,Spares & logistics,3930.96,17.96
SITE-10006,Rural West,Suburban,2025,Tower / Collocation,22128.27,43.54
SITE-10006,Rural West,Suburban,2025,MW transport — 3rd party,13781.48,43.54
SITE-10006,Rural West,Suburban,2025,Fiber backhaul circuit,9731.93,43.54
SITE-10006,Rural West,Suburban,2025,Field workforce (contract),14764.83,43.54
SITE-10006,Rural West,Suburban,2025,OEM RAN maint.,11046.72,43.54
SITE-10006,Rural West,Suburban,2025,Power & gen fuel,5232.12,43.54
SITE-10006,Rural West,Suburban,2025,Small cell attach fees,4288.78,43.54
SITE-10006,Rural West,Suburban,2025,NOC / dispatch (allocated),6220.27,43.54
SITE-10006,Rural West,Suburban,2025,Spares & logistics,4361.73,43.54
SITE-10007,South MS,Suburban,2025,Tower / Collocation,19828.01,78.82
SITE-10007,South MS,Suburban,2025,MW transport — 3rd party,13295.01,78.82
SITE-10007,South MS,Suburban,2025,Fiber backhaul circuit,9785.12,78.82
SITE-10007,South MS,Suburban,2025,Field workforce (contract),15844.34,78.82
SITE-10007,South MS,Suburban,2025,OEM RAN maint.,11354.32,78.82
SITE-10007,South MS,Suburban,2025,Power & gen fuel,4823.6,78.82
SITE-10007,South MS,Suburban,2025,Small cell attach fees,4250.71,78.82
SITE-10007,South MS,Suburban,2025,NOC / dispatch (allocated),5619.0,78.82
SITE-10007,South MS,Suburban,2025,Spares & logistics,4383.5,78.82
SITE-10008,North MS,Suburban,2025,Tower / Collocation,21380.58,34.23
SITE-10008,North MS,Suburban,2025,MW transport — 3rd party,14075.98,34.23
SITE-10008,North MS,Suburban,2025,Fiber backhaul circuit,9781.1,34.23
SITE-10008,North MS,Suburban,2025,Field workforce (contract),14364.88,34.23
SITE-10008,North MS,Suburban,2025,OEM RAN maint.,12268.28,34.23
SITE-10008,North MS,Suburban,2025,Power & gen fuel,5433.4,34.23
SITE-10008,North MS,Suburban,2025,Small cell attach fees,4385.8,34.23
SITE-10008,North MS,Suburban,2025,NOC / dispatch (allocated),5727.11,34.23
SITE-10008,North MS,Suburban,2025,Spares & logistics,4569.04,34.23
SITE-10009,South MS,Rural,2025,Tower / Collocation,25173.57,98.52
SITE-10009,South MS,Rural,2025,MW transport — 3rd party,16806.81,98.52
SITE-10009,South MS,Rural,2025,Fiber backhaul circuit,11870.14,98.52
SITE-10009,South MS,Rural,2025,Field workforce (contract),22694.42,98.52
SITE-10009,South MS,Rural,2025,OEM RAN maint.,13745.25,98.52
SITE-10009,South MS,Rural,2025,Power & gen fuel,5885.7,98.52
SITE-10009,South MS,Rural,2025,Small cell attach fees,4990.11,98.52
SITE-10009,South MS,Rural,2025,NOC / dispatch (allocated),7301.39,98.52
SITE-10009,South MS,Rural,2025,Spares & logistics,4883.66,98.52
SITE-10010,North MS,Rural,2025,Tower / Collocation,25103.45,98.83
SITE-10010,North MS,Rural,2025,MW transport — 3rd party,17797.72,98.83
SITE-10010,North MS,Rural,2025,Fiber backhaul circuit,12860.35,98.83
SITE-10010,North MS,Rural,2025,Field workforce (contract),21832.18,98.83
SITE-10010,North MS,Rural,2025,OEM RAN maint.,12922.78,98.83
SITE-10010,North MS,Rural,2025,Power & gen fuel,6096.75,98.83
SITE-10010,North MS,Rural,2025,Small cell attach fees,4772.29,98.83
SITE-10010,North MS,Rural,2025,NOC / dispatch (allocated),7203.07,98.83
SITE-10010,North MS,Rural,2025,Spares & logistics,5009.81,98.83
SITE-10011,TN Border,Urban,2025,Tower / Collocation,21237.7,17.0
SITE-10011,TN Border,Urban,2025,MW transport — 3rd party,13635.59,17.0
SITE-10011,TN Border,Urban,2025,Fiber backhaul circuit,11184.3,17.0
SITE-10011,TN Border,Urban,2025,Field workforce (contract),15498.44,17.0
SITE-10011,TN Border,Urban,2025,OEM RAN maint.,11144.1,17.0
SITE-10011,TN Border,Urban,2025,Power & gen fuel,5174.19,17.0
SITE-10011,TN Border,Urban,2025,Small cell attach fees,3925.51,17.0
SITE-10011,TN Border,Urban,2025,NOC / dispatch (allocated),6386.55,17.0
SITE-10011,TN Border,Urban,2025,Spares & logistics,4237.97,17.0
SITE-10012,North MS,Rural,2025,Tower / Collocation,25341.46,70.47
SITE-10012,North MS,Rural,2025,MW transport — 3rd party,18664.31,70.47
SITE-10012,North MS,Rural,2025,Fiber backhaul circuit,12835.23,70.47
SITE-10012,North MS,Rural,2025,Field workforce (contract),21230.56,70.47
SITE-10012,North MS,Rural,2025,OEM RAN maint.,13327.07,70.47
SITE-10012,North MS,Rural,2025,Power & gen fuel,6013.46,70.47
SITE-10012,North MS,Rural,2025,Small cell attach fees,5167.03,70.47
SITE-10012,North MS,Rural,2025,NOC / dispatch (allocated),7139.53,70.47
SITE-10012,North MS,Rural,2025,Spares & logistics,4755.81,70.47
SITE-10013,North MS,Rural,2025,Tower / Collocation,23918.37,120.35
SITE-10013,North MS,Rural,2025,MW transport — 3rd party,17593.24,120.35
SITE-10013,North MS,Rural,2025,Fiber backhaul circuit,11894.88,120.35
SITE-10013,North MS,Rural,2025,Field workforce (contract),21908.57,120.35
SITE-10013,North MS,Rural,2025,OEM RAN maint.,13358.65,120.35
SITE-10013,North MS,Rural,2025,Power & gen fuel,6337.64,120.35
SITE-10013,North MS,Rural,2025,Small cell attach fees,5337.04,120.35
SITE-10013,North MS,Rural,2025,NOC / dispatch (allocated),7519.91,120.35
SITE-10013,North MS,Rural,2025,Spares & logistics,4826.78,120.35
SITE-10014,Rural West,Rural,2025,Tower / Collocation,25601.94,15.76
SITE-10014,Rural West,Rural,2025,MW transport — 3rd party,17082.2,15.76
SITE-10014,Rural West,Rural,2025,Fiber backhaul circuit,13359.18,15.76
SITE-10014,Rural West,Rural,2025,Field workforce (contract),22372.56,15.76
SITE-10014,Rural West,Rural,2025,OEM RAN maint.,13438.18,15.76
SITE-10014,Rural West,Rural,2025,Power & gen fuel,6627.83,15.76
SITE-10014,Rural West,Rural,2025,Small cell attach fees,4977.72,15.76
SITE-10014,Rural West,Rural,2025,NOC / dispatch (allocated),7227.37,15.76
SITE-10014,Rural West,Rural,2025,Spares & logistics,4948.92,15.76
SITE-10015,South MS,Rural,2025,Tower / Collocation,23531.23,31.25
SITE-10015,South MS,Rural,2025,MW transport — 3rd party,17261.3,31.25
SITE-10015,South MS,Rural,2025,Fiber backhaul circuit,13689.29,31.25
SITE-10015,South MS,Rural,2025,Field workforce (contract),22657.15,31.25
SITE-10015,South MS,Rural,2025,OEM RAN maint.,14393.84,31.25
SITE-10015,South MS,Rural,2025,Power & gen fuel,6566.42,31.25
SITE-10015,South MS,Rural,2025,Small cell attach fees,5474.2,31.25
SITE-10015,South MS,Rural,2025,NOC / dispatch (allocated),7231.76,31.25
SITE-10015,South MS,Rural,2025,Spares & logistics,4998.33,31.25
SITE-10016,South MS,Rural,2025,Tower / Collocation,23732.46,56.71
SITE-10016,South MS,Rural,2025,MW transport — 3rd party,18131.17,56.71
SITE-10016,South MS,Rural,2025,Fiber backhaul circuit,12207.32,56.71
SITE-10016,South MS,Rural,2025,Field workforce (contract),22811.13,56.71
SITE-10016,South MS,Rural,2025,OEM RAN maint.,13269.47,56.71
SITE-10016,South MS,Rural,2025,Power & gen fuel,5806.98,56.71
SITE-10016,South MS,Rural,2025,Small cell attach fees,5422.84,56.71
SITE-10016,South MS,Rural,2025,NOC / dispatch (allocated),6810.03,56.71
SITE-10016,South MS,Rural,2025,Spares & logistics,4885.72,56.71
SITE-10017,TN Border,Suburban,2025,Tower / Collocation,19926.74,84.09
SITE-10017,TN Border,Suburban,2025,MW transport — 3rd party,13957.4,84.09
SITE-10017,TN Border,Suburban,2025,Fiber backhaul circuit,10936.8,84.09
SITE-10017,TN Border,Suburban,2025,Field workforce (contract),16455.03,84.09
SITE-10017,TN Border,Suburban,2025,OEM RAN maint.,11425.35,84.09
SITE-10017,TN Border,Suburban,2025,Power & gen fuel,4809.42,84.09
SITE-10017,TN Border,Suburban,2025,Small cell attach fees,3919.48,84.09
SITE-10017,TN Border,Suburban,2025,NOC / dispatch (allocated),5692.63,84.09
SITE-10017,TN Border,Suburban,2025,Spares & logistics,3999.64,84.09
SITE-10018,Rural West,Suburban,2025,Tower / Collocation,21594.98,52.05
SITE-10018,Rural West,Suburban,2025,MW transport — 3rd party,14581.06,52.05
SITE-10018,Rural West,Suburban,2025,Fiber backhaul circuit,9968.97,52.05
SITE-10018,Rural West,Suburban,2025,Field workforce (contract),16044.5,52.05
SITE-10018,Rural West,Suburban,2025,OEM RAN maint.,11817.73,52.05
SITE-10018,Rural West,Suburban,2025,Power & gen fuel,5295.01,52.05
SITE-10018,Rural West,Suburban,2025,Small cell attach fees,3999.12,52.05
SITE-10018,Rural West,Suburban,2025,NOC / dispatch (allocated),5591.81,52.05
SITE-10018,Rural West,Suburban,2025,Spares & logistics,4540.74,52.05
SITE-10019,North MS,Suburban,2025,Tower / Collocation,20905.74,34.18
SITE-10019,North MS,Suburban,2025,MW transport — 3rd party,14769.33,34.18
SITE-10019,North MS,Suburban,2025,Fiber backhaul circuit,11235.41,34.18
SITE-10019,North MS,Suburban,2025,Field workforce (contract),14777.22,34.18
SITE-10019,North MS,Suburban,2025,OEM RAN maint.,12200.48,34.18
SITE-10019,North MS,Suburban,2025,Power & gen fuel,4712.29,34.18
SITE-10019,North MS,Suburban,2025,Small cell attach fees,4287.53,34.18
SITE-10019,North MS,Suburban,2025,NOC / dispatch (allocated),6077.54,34.18
SITE-10019,North MS,Suburban,2025,Spares & logistics,3982.01,34.18
SITE-10020,TN Border,Urban,2025,Tower / Collocation,21265.84,92.06
SITE-10020,TN Border,Urban,2025,MW transport — 3rd party,15391.53,92.06
SITE-10020,TN Border,Urban,2025,Fiber backhaul circuit,10981.96,92.06
SITE-10020,TN Border,Urban,2025,Field workforce (contract),15220.15,92.06
SITE-10020,TN Border,Urban,2025,OEM RAN maint.,11944.5,92.06
SITE-10020,TN Border,Urban,2025,Power & gen fuel,4706.55,92.06
SITE-10020,TN Border,Urban,2025,Small cell attach fees,3984.22,92.06
SITE-10020,TN Border,Urban,2025,NOC / dispatch (allocated),6263.62,92.06
SITE-10020,TN Border,Urban,2025,Spares & logistics,4451.84,92.06
SITE-10021,AL Panhandle,Urban,2025,Tower / Collocation,21299.26,54.18
SITE-10021,AL Panhandle,Urban,2025,MW transport — 3rd party,15241.17,54.18
SITE-10021,AL Panhandle,Urban,2025,Fiber backhaul circuit,10644.76,54.18
SITE-10021,AL Panhandle,Urban,2025,Field workforce (contract),15085.98,54.18
SITE-10021,AL Panhandle,Urban,2025,OEM RAN maint.,11194.03,54.18
SITE-10021,AL Panhandle,Urban,2025,Power & gen fuel,5039.52,54.18
SITE-10021,AL Panhandle,Urban,2025,Small cell attach fees,4353.31,54.18
SITE-10021,AL Panhandle,Urban,2025,NOC / dispatch (allocated),6299.85,54.18
SITE-10021,AL Panhandle,Urban,2025,Spares & logistics,4218.65,54.18
SITE-10022,South MS,Urban,2025,Tower / Collocation,22004.83,72.9
SITE-10022,South MS,Urban,2025,MW transport — 3rd party,13485.16,72.9
SITE-10022,South MS,Urban,2025,Fiber backhaul circuit,9745.76,72.9
SITE-10022,South MS,Urban,2025,Field workforce (contract),15531.17,72.9
SITE-10022,South MS,Urban,2025,OEM RAN maint.,10777.26,72.9
SITE-10022,South MS,Urban,2025,Power & gen fuel,5364.93,72.9
SITE-10022,South MS,Urban,2025,Small cell attach fees,4121.03,72.9
SITE-10022,South MS,Urban,2025,NOC / dispatch (allocated),5610.97,72.9
SITE-10022,South MS,Urban,2025,Spares & logistics,4536.26,72.9
SITE-10023,South MS,Urban,2025,Tower / Collocation,19783.24,32.77
SITE-10023,South MS,Urban,2025,MW transport — 3rd party,13508.68,32.77
SITE-10023,South MS,Urban,2025,Fiber backhaul circuit,9669.67,32.77
SITE-10023,South MS,Urban,2025,Field workforce (contract),14211.61,32.77
SITE-10023,South MS,Urban,2025,OEM RAN maint.,10829.3,32.77
SITE-10023,South MS,Urban,2025,Power & gen fuel,4735.56,32.77
SITE-10023,South MS,Urban,2025,Small cell attach fees,4311.98,32.77
SITE-10023,South MS,Urban,2025,NOC / dispatch (allocated),6122.04,32.77
SITE-10023,South MS,Urban,2025,Spares & logistics,4177.67,32.77
SITE-10024,Rural West,Suburban,2025,Tower / Collocation,22120.66,84.13
SITE-10024,Rural West,Suburban,2025,MW transport — 3rd party,13342.83,84.13
SITE-10024,Rural West,Suburban,2025,Fiber backhaul circuit,9938.34,84.13
SITE-10024,Rural West,Suburban,2025,Field workforce (contract),14655.55,84.13
SITE-10024,Rural West,Suburban,2025,OEM RAN maint.,10965.92,84.13
SITE-10024,Rural West,Suburban,2025,Power & gen fuel,5158.13,84.13
SITE-10024,Rural West,Suburban,2025,Small cell attach fees,4193.06,84.13
SITE-10024,Rural West,Suburban,2025,NOC / dispatch (allocated),5520.89,84.13
SITE-10024,Rural West,Suburban,2025,Spares & logistics,4164.06,84.13
SITE-10025,AL Panhandle,Suburban,2025,Tower / Collocation,22061.43,16.85
SITE-10025,AL Panhandle,Suburban,2025,MW transport — 3rd party,13362.37,16.85
SITE-10025,AL Panhandle,Suburban,2025,Fiber backhaul circuit,11183.83,16.85
SITE-10025,AL Panhandle,Suburban,2025,Field workforce (contract),14318.63,16.85
SITE-10025,AL Panhandle,Suburban,2025,OEM RAN maint.,12052.0,16.85
SITE-10025,AL Panhandle,Suburban,2025,Power & gen fuel,5428.56,16.85
SITE-10025,AL Panhandle,Suburban,2025,Small cell attach fees,4576.11,16.85
SITE-10025,AL Panhandle,Suburban,2025,NOC / dispatch (allocated),6237.53,16.85
SITE-10025,AL Panhandle,Suburban,2025,Spares & logistics,4440.04,16.85
SITE-10026,TN Border,Suburban,2025,Tower / Collocation,21064.87,19.71
SITE-10026,TN Border,Suburban,2025,MW transport — 3rd party,14427.0,19.71
SITE-10026,TN Border,Suburban,2025,Fiber backhaul circuit,11071.12,19.71
SITE-10026,TN Border,Suburban,2025,Field workforce (contract),15208.93,19.71
SITE-10026,TN Border,Suburban,2025,OEM RAN maint.,11213.96,19.71
SITE-10026,TN Border,Suburban,2025,Power & gen fuel,5213.88,19.71
SITE-10026,TN Border,Suburban,2025,Small cell attach fees,4091.2,19.71
SITE-10026,TN Border,Suburban,2025,NOC / dispatch (allocated),5607.06,19.71
SITE-10026,TN Border,Suburban,2025,Spares & logistics,4234.96,19.71
SITE-10027,TN Border,Suburban,2025,Tower / Collocation,20500.03,28.23
SITE-10027,TN Border,Suburban,2025,MW transport — 3rd party,14086.53,28.23
SITE-10027,TN Border,Suburban,2025,Fiber backhaul circuit,10182.97,28.23
SITE-10027,TN Border,Suburban,2025,Field workforce (contract),15004.93,28.23
SITE-10027,TN Border,Suburban,2025,OEM RAN maint.,11763.51,28.23
SITE-10027,TN Border,Suburban,2025,Power & gen fuel,4934.25,28.23
SITE-10027,TN Border,Suburban,2025,Small cell attach fees,4555.22,28.23
SITE-10027,TN Border,Suburban,2025,NOC / dispatch (allocated),6346.36,28.23
SITE-10027,TN Border,Suburban,2025,Spares & logistics,4237.02,28.23
SITE-10028,AL Panhandle,Suburban,2025,Tower / Collocation,21455.33,81.82
SITE-10028,AL Panhandle,Suburban,2025,MW transport — 3rd party,15095.28,81.82
SITE-10028,AL Panhandle,Suburban,2025,Fiber backhaul circuit,10526.83,81.82
SITE-10028,AL Panhandle,Suburban,2025,Field workforce (contract),15625.38,81.82
SITE-10028,AL Panhandle,Suburban,2025,OEM RAN maint.,11036.78,81.82
SITE-10028,AL Panhandle,Suburban,2025,Power & gen fuel,5291.67,81.82
SITE-10028,AL Panhandle,Suburban,2025,Small cell attach fees,4047.64,81.82
SITE-10028,AL Panhandle,Suburban,2025,NOC / dispatch (allocated),6135.45,81.82
SITE-10028,AL Panhandle,Suburban,2025,Spares & logistics,4495.29,81.82
SITE-10029,AL Panhandle,Urban,2025,Tower / Collocation,19587.15,61.45
SITE-10029,AL Panhandle,Urban,2025,MW transport — 3rd party,14914.08,61.45
SITE-10029,AL Panhandle,Urban,2025,Fiber backhaul circuit,9775.81,61.45
SITE-10029,AL Panhandle,Urban,2025,Field workforce (contract),16367.18,61.45
SITE-10029,AL Panhandle,Urban,2025,OEM RAN maint.,10761.24,61.45
SITE-10029,AL Panhandle,Urban,2025,Power & gen fuel,5474.45,61.45
SITE-10029,AL Panhandle,Urban,2025,Small cell attach fees,4454.6,61.45
SITE-10029,AL Panhandle,Urban,2025,NOC / dispatch (allocated),6039.19,61.45
SITE-10029,AL Panhandle,Urban,2025,Spares & logistics,4442.18,61.45
SITE-10030,Rural West,Rural,2025,Tower / Collocation,25744.97,42.06
SITE-10030,Rural West,Rural,2025,MW transport — 3rd party,16312.3,42.06
SITE-10030,Rural West,Rural,2025,Fiber backhaul circuit,12925.46,42.06
SITE-10030,Rural West,Rural,2025,Field workforce (contract),20199.66,42.06
SITE-10030,Rural West,Rural,2025,OEM RAN maint.,13987.06,42.06
SITE-10030,Rural West,Rural,2025,Power & gen fuel,6251.62,42.06
SITE-10030,Rural West,Rural,2025,Small cell attach fees,5121.97,42.06
SITE-10030,Rural West,Rural,2025,NOC / dispatch (allocated),7236.11,42.06
SITE-10030,Rural West,Rural,2025,Spares & logistics,5367.47,42.06
SITE-10031,Rural West,Rural,2025,Tower / Collocation,25783.62,71.14
SITE-10031,Rural West,Rural,2025,MW transport — 3rd party,18645.92,71.14
SITE-10031,Rural West,Rural,2025,Fiber backhaul circuit,11917.53,71.14
SITE-10031,Rural West,Rural,2025,Field workforce (contract),20014.8,71.14
SITE-10031,Rural West,Rural,2025,OEM RAN maint.,12930.01,71.14
SITE-10031,Rural West,Rural,2025,Power & gen fuel,6336.1,71.14
SITE-10031,Rural West,Rural,2025,Small cell attach fees,5082.93,71.14
SITE-10031,Rural West,Rural,2025,NOC / dispatch (allocated),7526.46,71.14
SITE-10031,Rural West,Rural,2025,Spares & logistics,5291.09,71.14
SITE-10032,TN Border,Suburban,2025,Tower / Collocation,20175.05,74.34
SITE-10032,TN Border,Suburban,2025,MW transport — 3rd party,14081.46,74.34
SITE-10032,TN Border,Suburban,2025,Fiber backhaul circuit,10161.09,74.34
SITE-10032,TN Border,Suburban,2025,Field workforce (contract),14461.83,74.34
SITE-10032,TN Border,Suburban,2025,OEM RAN maint.,10780.2,74.34
SITE-10032,TN Border,Suburban,2025,Power & gen fuel,5455.88,74.34
SITE-10032,TN Border,Suburban,2025,Small cell attach fees,4207.77,74.34
SITE-10032,TN Border,Suburban,2025,NOC / dispatch (allocated),5838.92,74.34
SITE-10032,TN Border,Suburban,2025,Spares & logistics,4406.19,74.34
SITE-10033,Rural West,Suburban,2025,Tower / Collocation,21883.3,89.44
SITE-10033,Rural West,Suburban,2025,MW transport — 3rd party,14346.73,89.44
SITE-10033,Rural West,Suburban,2025,Fiber backhaul circuit,10264.84,89.44
SITE-10033,Rural West,Suburban,2025,Field workforce (contract),16491.27,89.44
SITE-10033,Rural West,Suburban,2025,OEM RAN maint.,11822.03,89.44
SITE-10033,Rural West,Suburban,2025,Power & gen fuel,5468.17,89.44
SITE-10033,Rural West,Suburban,2025,Small cell attach fees,3990.57,89.44
SITE-10033,Rural West,Suburban,2025,NOC / dispatch (allocated),6283.71,89.44
SITE-10033,Rural West,Suburban,2025,Spares & logistics,4343.21,89.44
SITE-10034,AL Panhandle,Urban,2025,Tower / Collocation,19309.71,67.69
SITE-10034,AL Panhandle,Urban,2025,MW transport — 3rd party,14289.03,67.69
SITE-10034,AL Panhandle,Urban,2025,Fiber backhaul circuit,11017.21,67.69
SITE-10034,AL Panhandle,Urban,2025,Field workforce (contract),14799.04,67.69
SITE-10034,AL Panhandle,Urban,2025,OEM RAN maint.,11348.23,67.69
SITE-10034,AL Panhandle,Urban,2025,Power & gen fuel,5052.93,67.69
SITE-10034,AL Panhandle,Urban,2025,Small cell attach fees,4115.31,67.69
SITE-10034,AL Panhandle,Urban,2025,NOC / dispatch (allocated),6348.36,67.69
SITE-10034,AL Panhandle,Urban,2025,Spares & logistics,4441.28,67.69
SITE-10035,AL Panhandle,Urban,2025,Tower / Collocation,22214.71,94.74
SITE-10035,AL Panhandle,Urban,2025,MW transport — 3rd party,13896.56,94.74
SITE-10035,AL Panhandle,Urban,2025,Fiber backhaul circuit,11036.48,94.74
SITE-10035,AL Panhandle,Urban,2025,Field workforce (contract),14336.52,94.74
SITE-10035,AL Panhandle,Urban,2025,OEM RAN maint.,12336.28,94.74
SITE-10035,AL Panhandle,Urban,2025,Power & gen fuel,5235.2,94.74
SITE-10035,AL Panhandle,Urban,2025,Small cell attach fees,4352.09,94.74
SITE-10035,AL Panhandle,Urban,2025,NOC / dispatch (allocated),5560.1,94.74
SITE-10035,AL Panhandle,Urban,2025,Spares & logistics,4519.98,94.74
SITE-10036,South MS,Urban,2025,Tower / Collocation,21871.46,20.44
SITE-10036,South MS,Urban,2025,MW transport — 3rd party,13699.18,20.44
SITE-10036,South MS,Urban,2025,Fiber backhaul circuit,11160.03,20.44
SITE-10036,South MS,Urban,2025,Field workforce (contract),15682.55,20.44
SITE-10036,South MS,Urban,2025,OEM RAN maint.,10576.18,20.44
SITE-10036,South MS,Urban,2025,Power & gen fuel,4696.43,20.44
SITE-10036,South MS,Urban,2025,Small cell attach fees,3945.13,20.44
SITE-10036,South MS,Urban,2025,NOC / dispatch (allocated),6050.84,20.44
SITE-10036,South MS,Urban,2025,Spares & logistics,4455.01,20.44
SITE-10037,South MS,Urban,2025,Tower / Collocation,19460.27,81.9
SITE-10037,South MS,Urban,2025,MW transport — 3rd party,15087.38,81.9
SITE-10037,South MS,Urban,2025,Fiber backhaul circuit,11188.78,81.9
SITE-10037,South MS,Urban,2025,Field workforce (contract),15966.12,81.9
SITE-10037,South MS,Urban,2025,OEM RAN maint.,11786.13,81.9
SITE-10037,South MS,Urban,2025,Power & gen fuel,5375.79,81.9
SITE-10037,South MS,Urban,2025,Small cell attach fees,3937.3,81.9
SITE-10037,South MS,Urban,2025,NOC / dispatch (allocated),5666.1,81.9
SITE-10037,South MS,Urban,2025,Spares & logistics,3994.95,81.9
SITE-10038,AL Panhandle,Suburban,2025,Tower / Collocation,22120.65,62.81
SITE-10038,AL Panhandle,Suburban,2025,MW transport — 3rd party,13600.17,62.81
SITE-10038,AL Panhandle,Suburban,2025,Fiber backhaul circuit,10865.11,62.81
SITE-10038,AL Panhandle,Suburban,2025,Field workforce (contract),14548.57,62.81
SITE-10038,AL Panhandle,Suburban,2025,OEM RAN maint.,11004.98,62.81
SITE-10038,AL Panhandle,Suburban,2025,Power & gen fuel,5271.28,62.81
SITE-10038,AL Panhandle,Suburban,2025,Small cell attach fees,4576.54,62.81
SITE-10038,AL Panhandle,Suburban,2025,NOC / dispatch (allocated),6056.19,62.81
SITE-10038,AL Panhandle,Suburban,2025,Spares & logistics,3947.06,62.81
SITE-10039,TN Border,Suburban,2025,Tower / Collocation,22231.29,11.68
SITE-10039,TN Border,Suburban,2025,MW transport — 3rd party,14876.92,11.68
SITE-10039,TN Border,Suburban,2025,Fiber backhaul circuit,9924.32,11.68
SITE-10039,TN Border,Suburban,2025,Field workforce (contract),14300.53,11.68
SITE-10039,TN Border,Suburban,2025,OEM RAN maint.,10845.55,11.68
SITE-10039,TN Border,Suburban,2025,Power & gen fuel,5491.7,11.68
SITE-10039,TN Border,Suburban,2025,Small cell attach fees,4221.82,11.68
SITE-10039,TN Border,Suburban,2025,NOC / dispatch (allocated),6220.45,11.68
SITE-10039,TN Border,Suburban,2025,Spares & logistics,4342.76,11.68
SITE-10040,AL Panhandle,Suburban,2025,Tower / Collocation,20278.29,90.3
SITE-10040,AL Panhandle,Suburban,2025,MW transport — 3rd party,14573.92,90.3
SITE-10040,AL Panhandle,Suburban,2025,Fiber backhaul circuit,10806.73,90.3
SITE-10040,AL Panhandle,Suburban,2025,Field workforce (contract),15665.32,90.3
SITE-10040,AL Panhandle,Suburban,2025,OEM RAN maint.,12229.34,90.3
SITE-10040,AL Panhandle,Suburban,2025,Power & gen fuel,4813.13,90.3
SITE-10040,AL Panhandle,Suburban,2025,Small cell attach fees,4255.68,90.3
SITE-10040,AL Panhandle,Suburban,2025,NOC / dispatch (allocated),5858.64,90.3
SITE-10040,AL Panhandle,Suburban,2025,Spares & logistics,4232.43,90.3
SITE-10041,North MS,Urban,2025,Tower / Collocation,20200.32,19.67
SITE-10041,North MS,Urban,2025,MW transport — 3rd party,13944.46,19.67
SITE-10041,North MS,Urban,2025,Fiber backhaul circuit,10351.2,19.67
SITE-10041,North MS,Urban,2025,Field workforce (contract),15571.7,19.67
SITE-10041,North MS,Urban,2025,OEM RAN maint.,11670.08,19.67
SITE-10041,North MS,Urban,2025,Power & gen fuel,5028.04,19.67
SITE-10041,North MS,Urban,2025,Small cell attach fees,4187.97,19.67
SITE-10041,North MS,Urban,2025,NOC / dispatch (allocated),5681.18,19.67
SITE-10041,North MS,Urban,2025,Spares & logistics,4310.05,19.67
SITE-10042,Rural West,Suburban,2025,Tower / Collocation,20857.32,44.4
SITE-10042,Rural West,Suburban,2025,MW transport — 3rd party,13762.26,44.4
SITE-10042,Rural West,Suburban,2025,Fiber backhaul circuit,10593.4,44.4
SITE-10042,Rural West,Suburban,2025,Field workforce (contract),15461.01,44.4
SITE-10042,Rural West,Suburban,2025,OEM RAN maint.,11793.23,44.4
SITE-10042,Rural West,Suburban,2025,Power & gen fuel,5220.73,44.4
SITE-10042,Rural West,Suburban,2025,Small cell attach fees,4353.65,44.4
SITE-10042,Rural West,Suburban,2025,NOC / dispatch (allocated),5775.04,44.4
SITE-10042,Rural West,Suburban,2025,Spares & logistics,4445.45,44.4
SITE-10043,North MS,Suburban,2025,Tower / Collocation,21366.27,45.53
SITE-10043,North MS,Suburban,2025,MW transport — 3rd party,14073.32,45.53
SITE-10043,North MS,Suburban,2025,Fiber backhaul circuit,10493.34,45.53
SITE-10043,North MS,Suburban,2025,Field workforce (contract),15879.46,45.53
SITE-10043,North MS,Suburban,2025,OEM RAN maint.,12130.28,45.53
SITE-10043,North MS,Suburban,2025,Power & gen fuel,5443.58,45.53
SITE-10043,North MS,Suburban,2025,Small cell attach fees,4252.47,45.53
SITE-10043,North MS,Suburban,2025,NOC / dispatch (allocated),5969.3,45.53
SITE-10043,North MS,Suburban,2025,Spares & logistics,4453.91,45.53
SITE-10044,AL Panhandle,Suburban,2025,Tower / Collocation,19656.72,50.99
SITE-10044,AL Panhandle,Suburban,2025,MW transport — 3rd party,13408.66,50.99
SITE-10044,AL Panhandle,Suburban,2025,Fiber backhaul circuit,11045.02,50.99
SITE-10044,AL Panhandle,Suburban,2025,Field workforce (contract),14212.03,50.99
SITE-10044,AL Panhandle,Suburban,2025,OEM RAN maint.,11022.99,50.99
SITE-10044,AL Panhandle,Suburban,2025,Power & gen fuel,4964.65,50.99
SITE-10044,AL Panhandle,Suburban,2025,Small cell attach fees,4027.64,50.99
SITE-10044,AL Panhandle,Suburban,2025,NOC / dispatch (allocated),5772.83,50.99
SITE-10044,AL Panhandle,Suburban,2025,Spares & logistics,4415.03,50.99
SITE-10045,Rural West,Urban,2025,Tower / Collocation,22138.81,79.96
SITE-10045,Rural West,Urban,2025,MW transport — 3rd party,14100.05,79.96
SITE-10045,Rural West,Urban,2025,Fiber backhaul circuit,9891.62,79.96
SITE-10045,Rural West,Urban,2025,Field workforce (contract),15546.86,79.96
SITE-10045,Rural West,Urban,2025,OEM RAN maint.,10728.82,79.96
SITE-10045,Rural West,Urban,2025,Power & gen fuel,4989.77,79.96
SITE-10045,Rural West,Urban,2025,Small cell attach fees,4561.73,79.96
SITE-10045,Rural West,Urban,2025,NOC / dispatch (allocated),6421.68,79.96
SITE-10045,Rural West,Urban,2025,Spares & logistics,4435.03,79.96
SITE-10046,TN Border,Suburban,2025,Tower / Collocation,20568.15,69.37
SITE-10046,TN Border,Suburban,2025,MW transport — 3rd party,14718.72,69.37
SITE-10046,TN Border,Suburban,2025,Fiber backhaul circuit,9652.21,69.37
SITE-10046,TN Border,Suburban,2025,Field workforce (contract),14587.77,69.37
SITE-10046,TN Border,Suburban,2025,OEM RAN maint.,11469.86,69.37
SITE-10046,TN Border,Suburban,2025,Power & gen fuel,4825.62,69.37
SITE-10046,TN Border,Suburban,2025,Small cell attach fees,4022.82,69.37
SITE-10046,TN Border,Suburban,2025,NOC / dispatch (allocated),6270.16,69.37
SITE-10046,TN Border,Suburban,2025,Spares & logistics,4582.61,69.37
SITE-10047,TN Border,Suburban,2025,Tower / Collocation,22587.09,81.0
SITE-10047,TN Border,Suburban,2025,MW transport — 3rd party,13568.81,81.0
SITE-10047,TN Border,Suburban,2025,Fiber backhaul circuit,10385.28,81.0
SITE-10047,TN Border,Suburban,2025,Field workforce (contract),15037.02,81.0
SITE-10047,TN Border,Suburban,2025,OEM RAN maint.,10656.4,81.0
SITE-10047,TN Border,Suburban,2025,Power & gen fuel,5308.35,81.0
SITE-10047,TN Border,Suburban,2025,Small cell attach fees,4204.97,81.0
SITE-10047,TN Border,Suburban,2025,NOC / dispatch (allocated),5920.8,81.0
SITE-10047,TN Border,Suburban,2025,Spares & logistics,4012.46,81.0
SITE-10048,South MS,Urban,2025,Tower / Collocation,20048.78,11.88
SITE-10048,South MS,Urban,2025,MW transport — 3rd party,13915.34,11.88
SITE-10048,South MS,Urban,2025,Fiber backhaul circuit,10455.58,11.88
SITE-10048,South MS,Urban,2025,Field workforce (contract),15511.62,11.88
SITE-10048,South MS,Urban,2025,OEM RAN maint.,11411.74,11.88
SITE-10048,South MS,Urban,2025,Power & gen fuel,4760.64,11.88
SITE-10048,South MS,Urban,2025,Small cell attach fees,4075.69,11.88
SITE-10048,South MS,Urban,2025,NOC / dispatch (allocated),6277.1,11.88
SITE-10048,South MS,Urban,2025,Spares & logistics,4343.56,11.88
SITE-10049,Rural West,Suburban,2025,Tower / Collocation,21825.0,66.31
SITE-10049,Rural West,Suburban,2025,MW transport — 3rd party,13376.53,66.31
SITE-10049,Rural West,Suburban,2025,Fiber backhaul circuit,10248.5,66.31
SITE-10049,Rural West,Suburban,2025,Field workforce (contract),15396.76,66.31
SITE-10049,Rural West,Suburban,2025,OEM RAN maint.,11128.72,66.31
SITE-10049,Rural West,Suburban,2025,Power & gen fuel,5381.09,66.31
SITE-10049,Rural West,Suburban,2025,Small cell attach fees,4238.15,66.31
SITE-10049,Rural West,Suburban,2025,NOC / dispatch (allocated),6205.73,66.31
SITE-10049,Rural West,Suburban,2025,Spares & logistics,4489.37,66.31
SITE-10050,AL Panhandle,Suburban,2025,Tower / Collocation,22117.78,59.08
SITE-10050,AL Panhandle,Suburban,2025,MW transport — 3rd party,14027.11,59.08
SITE-10050,AL Panhandle,Suburban,2025,Fiber backhaul circuit,10470.02,59.08
SITE-10050,AL Panhandle,Suburban,2025,Field workforce (contract),15376.89,59.08
SITE-10050,AL Panhandle,Suburban,2025,OEM RAN maint.,10701.97,59.08
SITE-10050,AL Panhandle,Suburban,2025,Power & gen fuel,5017.22,59.08
SITE-10050,AL Panhandle,Suburban,2025,Small cell attach fees,4533.79,59.08
SITE-10050,AL Panhandle,Suburban,2025,NOC / dispatch (allocated),6074.55,59.08
SITE-10050,AL Panhandle,Suburban,2025,Spares & logistics,4030.7,59.08
SITE-10051,Rural West,Suburban,2025,Tower / Collocation,19351.66,24.67
SITE-10051,Rural West,Suburban,2025,MW transport — 3rd party,15378.71,24.67
SITE-10051,Rural West,Suburban,2025,Fiber backhaul circuit,10385.22,24.67
SITE-10051,Rural West,Suburban,2025,Field workforce (contract),14828.85,24.67
SITE-10051,Rural West,Suburban,2025,OEM RAN maint.,11604.0,24.67
SITE-10051,Rural West,Suburban,2025,Power & gen fuel,4697.97,24.67
SITE-10051,Rural West,Suburban,2025,Small cell attach fees,4099.06,24.67
SITE-10051,Rural West,Suburban,2025,NOC / dispatch (allocated),6143.29,24.67
SITE-10051,Rural West,Suburban,2025,Spares & logistics,4340.96,24.67
SITE-10052,Rural West,Rural,2025,Tower / Collocation,26440.79,69.36
SITE-10052,Rural West,Rural,2025,MW transport — 3rd party,18568.04,69.36
SITE-10052,Rural West,Rural,2025,Fiber backhaul circuit,13137.69,69.36
SITE-10052,Rural West,Rural,2025,Field workforce (contract),22901.18,69.36
SITE-10052,Rural West,Rural,2025,OEM RAN maint.,14467.82,69.36
SITE-10052,Rural West,Rural,2025,Power & gen fuel,6542.69,69.36
SITE-10052,Rural West,Rural,2025,Small cell attach fees,4832.02,69.36
SITE-10052,Rural West,Rural,2025,NOC / dispatch (allocated),7478.11,69.36
SITE-10052,Rural West,Rural,2025,Spares & logistics,5100.63,69.36
SITE-10053,TN Border,Suburban,2025,Tower / Collocation,22518.37,64.91
SITE-10053,TN Border,Suburban,2025,MW transport — 3rd party,15510.26,64.91
SITE-10053,TN Border,Suburban,2025,Fiber backhaul circuit,10117.17,64.91
SITE-10053,TN Border,Suburban,2025,Field workforce (contract),15872.23,64.91
SITE-10053,TN Border,Suburban,2025,OEM RAN maint.,11880.93,64.91
SITE-10053,TN Border,Suburban,2025,Power & gen fuel,4974.74,64.91
SITE-10053,TN Border,Suburban,2025,Small cell attach fees,3994.23,64.91
SITE-10053,TN Border,Suburban,2025,NOC / dispatch (allocated),5512.98,64.91
SITE-10053,TN Border,Suburban,2025,Spares & logistics,4438.59,64.91
SITE-10054,Rural West,Suburban,2025,Tower / Collocation,22545.52,48.45
SITE-10054,Rural West,Suburban,2025,MW transport — 3rd party,14190.59,48.45
SITE-10054,Rural West,Suburban,2025,Fiber backhaul circuit,10964.07,48.45
SITE-10054,Rural West,Suburban,2025,Field workforce (contract),14283.64,48.45
SITE-10054,Rural West,Suburban,2025,OEM RAN maint.,11525.38,48.45
SITE-10054,Rural West,Suburban,2025,Power & gen fuel,5346.48,48.45
SITE-10054,Rural West,Suburban,2025,Small cell attach fees,4538.8,48.45
SITE-10054,Rural West,Suburban,2025,NOC / dispatch (allocated),6257.1,48.45
SITE-10054,Rural West,Suburban,2025,Spares & logistics,3935.14,48.45
SITE-10055,Rural West,Suburban,2025,Tower / Collocation,19634.69,12.24
SITE-10055,Rural West,Suburban,2025,MW transport — 3rd party,14797.98,12.24
SITE-10055,Rural West,Suburban,2025,Fiber backhaul circuit,10829.32,12.24
SITE-10055,Rural West,Suburban,2025,Field workforce (contract),15970.07,12.24
SITE-10055,Rural West,Suburban,2025,OEM RAN maint.,12092.0,12.24
SITE-10055,Rural West,Suburban,2025,Power & gen fuel,5295.38,12.24
SITE-10055,Rural West,Suburban,2025,Small cell attach fees,4454.59,12.24
SITE-10055,Rural West,Suburban,2025,NOC / dispatch (allocated),5520.61,12.24
SITE-10055,Rural West,Suburban,2025,Spares & logistics,4069.48,12.24
SITE-10056,South MS,Suburban,2025,Tower / Collocation,20993.02,8.39
SITE-10056,South MS,Suburban,2025,MW transport — 3rd party,14802.55,8.39
SITE-10056,South MS,Suburban,2025,Fiber backhaul circuit,9683.85,8.39
SITE-10056,South MS,Suburban,2025,Field workforce (contract),15058.52,8.39
SITE-10056,South MS,Suburban,2025,OEM RAN maint.,12147.16,8.39
SITE-10056,South MS,Suburban,2025,Power & gen fuel,5240.04,8.39
SITE-10056,South MS,Suburban,2025,Small cell attach fees,4071.61,8.39
SITE-10056,South MS,Suburban,2025,NOC / dispatch (allocated),6285.85,8.39
SITE-10056,South MS,Suburban,2025,Spares & logistics,4146.66,8.39
SITE-10057,Rural West,Rural,2025,Tower / Collocation,25745.96,47.61
SITE-10057,Rural West,Rural,2025,MW transport — 3rd party,17154.81,47.61
SITE-10057,Rural West,Rural,2025,Fiber backhaul circuit,12232.42,47.61
SITE-10057,Rural West,Rural,2025,Field workforce (contract),22639.69,47.61
SITE-10057,Rural West,Rural,2025,OEM RAN maint.,13151.25,47.61
SITE-10057,Rural West,Rural,2025,Power & gen fuel,5769.46,47.61
SITE-10057,Rural West,Rural,2025,Small cell attach fees,5019.75,47.61
SITE-10057,Rural West,Rural,2025,NOC / dispatch (allocated),7461.07,47.61
SITE-10057,Rural West,Rural,2025,Spares & logistics,5403.32,47.61
SITE-10058,TN Border,Rural,2025,Tower / Collocation,23904.45,60.89
SITE-10058,TN Border,Rural,2025,MW transport — 3rd party,17651.38,60.89
SITE-10058,TN Border,Rural,2025,Fiber backhaul circuit,13699.85,60.89
SITE-10058,TN Border,Rural,2025,Field workforce (contract),22006.28,60.89
SITE-10058,TN Border,Rural,2025,OEM RAN maint.,14054.09,60.89
SITE-10058,TN Border,Rural,2025,Power & gen fuel,6073.57,60.89
SITE-10058,TN Border,Rural,2025,Small cell attach fees,5492.21,60.89
SITE-10058,TN Border,Rural,2025,NOC / dispatch (allocated),7206.44,60.89
SITE-10058,TN Border,Rural,2025,Spares & logistics,4848.72,60.89
SITE-10059,South MS,Suburban,2025,Tower / Collocation,19945.32,13.84
SITE-10059,South MS,Suburban,2025,MW transport — 3rd party,13283.39,13.84
SITE-10059,South MS,Suburban,2025,Fiber backhaul circuit,10393.72,13.84
SITE-10059,South MS,Suburban,2025,Field workforce (contract),15629.35,13.84
SITE-10059,South MS,Suburban,2025,OEM RAN maint.,11137.56,13.84
SITE-10059,South MS,Suburban,2025,Power & gen fuel,5035.03,13.84
SITE-10059,South MS,Suburban,2025,Small cell attach fees,4562.26,13.84
SITE-10059,South MS,Suburban,2025,NOC / dispatch (allocated),6189.87,13.84
SITE-10059,South MS,Suburban,2025,Spares & logistics,4277.78,13.84
SITE-10060,South MS,Suburban,2025,Tower / Collocation,20358.72,28.45
SITE-10060,South MS,Suburban,2025,MW transport — 3rd party,15336.35,28.45
SITE-10060,South MS,Suburban,2025,Fiber backhaul circuit,10521.5,28.45
SITE-10060,South MS,Suburban,2025,Field workforce (contract),15893.19,28.45
SITE-10060,South MS,Suburban,2025,OEM RAN maint.,11589.87,28.45
SITE-10060,South MS,Suburban,2025,Power & gen fuel,5225.21,28.45
SITE-10060,South MS,Suburban,2025,Small cell attach fees,4113.58,28.45
SITE-10060,South MS,Suburban,2025,NOC / dispatch (allocated),5703.79,28.45
SITE-10060,South MS,Suburban,2025,Spares & logistics,4129.29,28.45
SITE-10061,Rural West,Urban,2025,Tower / Collocation,20217.65,84.07
SITE-10061,Rural West,Urban,2025,MW transport — 3rd party,14535.85,84.07
SITE-10061,Rural West,Urban,2025,Fiber backhaul circuit,10961.21,84.07
SITE-10061,Rural West,Urban,2025,Field workforce (contract),15994.8,84.07
SITE-10061,Rural West,Urban,2025,OEM RAN maint.,11311.38,84.07
SITE-10061,Rural West,Urban,2025,Power & gen fuel,5080.63,84.07
SITE-10061,Rural West,Urban,2025,Small cell attach fees,4586.4,84.07
SITE-10061,Rural West,Urban,2025,NOC / dispatch (allocated),6116.22,84.07
SITE-10061,Rural West,Urban,2025,Spares & logistics,4463.95,84.07
SITE-10062,South MS,Rural,2025,Tower / Collocation,25631.65,33.75
SITE-10062,South MS,Rural,2025,MW transport — 3rd party,16331.4,33.75
SITE-10062,South MS,Rural,2025,Fiber backhaul circuit,13000.08,33.75
SITE-10062,South MS,Rural,2025,Field workforce (contract),22874.36,33.75
SITE-10062,South MS,Rural,2025,OEM RAN maint.,13871.4,33.75
SITE-10062,South MS,Rural,2025,Power & gen fuel,6113.72,33.75
SITE-10062,South MS,Rural,2025,Small cell attach fees,4767.53,33.75
SITE-10062,South MS,Rural,2025,NOC / dispatch (allocated),7740.4,33.75
SITE-10062,South MS,Rural,2025,Spares & logistics,4822.87,33.75
SITE-10063,TN Border,Urban,2025,Tower / Collocation,19488.08,29.41
SITE-10063,TN Border,Urban,2025,MW transport — 3rd party,14290.87,29.41
SITE-10063,TN Border,Urban,2025,Fiber backhaul circuit,10498.96,29.41
SITE-10063,TN Border,Urban,2025,Field workforce (contract),14841.17,29.41
SITE-10063,TN Border,Urban,2025,OEM RAN maint.,10603.23,29.41
SITE-10063,TN Border,Urban,2025,Power & gen fuel,4783.07,29.41
SITE-10063,TN Border,Urban,2025,Small cell attach fees,4171.46,29.41
SITE-10063,TN Border,Urban,2025,NOC / dispatch (allocated),5531.62,29.41
SITE-10063,TN Border,Urban,2025,Spares & logistics,4384.77,29.41
SITE-10064,Rural West,Urban,2025,Tower / Collocation,20664.56,42.29
SITE-10064,Rural West,Urban,2025,MW transport — 3rd party,13246.53,42.29
SITE-10064,Rural West,Urban,2025,Fiber backhaul circuit,9822.02,42.29
SITE-10064,Rural West,Urban,2025,Field workforce (contract),16188.05,42.29
SITE-10064,Rural West,Urban,2025,OEM RAN maint.,10512.33,42.29
SITE-10064,Rural West,Urban,2025,Power & gen fuel,5106.66,42.29
SITE-10064,Rural West,Urban,2025,Small cell attach fees,4242.86,42.29
SITE-10064,Rural West,Urban,2025,NOC / dispatch (allocated),5791.11,42.29
SITE-10064,Rural West,Urban,2025,Spares & logistics,4203.3,42.29
SITE-10065,South MS,Rural,2025,Tower / Collocation,24406.05,113.66
SITE-10065,South MS,Rural,2025,MW transport — 3rd party,16947.04,113.66
SITE-10065,South MS,Rural,2025,Fiber backhaul circuit,12166.75,113.66
SITE-10065,South MS,Rural,2025,Field workforce (contract),21252.31,113.66
SITE-10065,South MS,Rural,2025,OEM RAN maint.,14249.1,113.66
SITE-10065,South MS,Rural,2025,Power & gen fuel,5911.3,113.66
SITE-10065,South MS,Rural,2025,Small cell attach fees,5010.53,113.66
SITE-10065,South MS,Rural,2025,NOC / dispatch (allocated),7706.49,113.66
SITE-10065,South MS,Rural,2025,Spares & logistics,4778.02,113.66
SITE-10066,Rural West,Suburban,2025,Tower / Collocation,19427.23,21.09
SITE-10066,Rural West,Suburban,2025,MW transport — 3rd party,13561.0,21.09
SITE-10066,Rural West,Suburban,2025,Fiber backhaul circuit,11173.75,21.09
SITE-10066,Rural West,Suburban,2025,Field workforce (contract),14098.67,21.09
SITE-10066,Rural West,Suburban,2025,OEM RAN maint.,10854.3,21.09
SITE-10066,Rural West,Suburban,2025,Power & gen fuel,4717.53,21.09
SITE-10066,Rural West,Suburban,2025,Small cell attach fees,3985.23,21.09
SITE-10066,Rural West,Suburban,2025,NOC / dispatch (allocated),6064.38,21.09
SITE-10066,Rural West,Suburban,2025,Spares & logistics,4074.31,21.09
SITE-10067,TN Border,Suburban,2025,Tower / Collocation,22114.97,59.35
SITE-10067,TN Border,Suburban,2025,MW transport — 3rd party,13253.62,59.35
SITE-10067,TN Border,Suburban,2025,Fiber backhaul circuit,11064.08,59.35
SITE-10067,TN Border,Suburban,2025,Field workforce (contract),15591.6,59.35
SITE-10067,TN Border,Suburban,2025,OEM RAN maint.,10807.55,59.35
SITE-10067,TN Border,Suburban,2025,Power & gen fuel,5322.72,59.35
SITE-10067,TN Border,Suburban,2025,Small cell attach fees,4491.73,59.35
SITE-10067,TN Border,Suburban,2025,NOC / dispatch (allocated),5716.06,59.35
SITE-10067,TN Border,Suburban,2025,Spares & logistics,4534.78,59.35
SITE-10068,Rural West,Suburban,2025,Tower / Collocation,20480.0,93.66
SITE-10068,Rural West,Suburban,2025,MW transport — 3rd party,15115.47,93.66
SITE-10068,Rural West,Suburban,2025,Fiber backhaul circuit,10167.72,93.66
SITE-10068,Rural West,Suburban,2025,Field workforce (contract),16032.47,93.66
SITE-10068,Rural West,Suburban,2025,OEM RAN maint.,11608.13,93.66
SITE-10068,Rural West,Suburban,2025,Power & gen fuel,4868.55,93.66
SITE-10068,Rural West,Suburban,2025,Small cell attach fees,4191.54,93.66
SITE-10068,Rural West,Suburban,2025,NOC / dispatch (allocated),5776.39,93.66
SITE-10068,Rural West,Suburban,2025,Spares & logistics,3963.11,93.66
SITE-10069,TN Border,Urban,2025,Tower / Collocation,19332.26,38.14
SITE-10069,TN Border,Urban,2025,MW transport — 3rd party,13623.83,38.14
SITE-10069,TN Border,Urban,2025,Fiber backhaul circuit,10849.3,38.14
SITE-10069,TN Border,Urban,2025,Field workforce (contract),15809.41,38.14
SITE-10069,TN Border,Urban,2025,OEM RAN maint.,11860.09,38.14
SITE-10069,TN Border,Urban,2025,Power & gen fuel,4950.8,38.14
SITE-10069,TN Border,Urban,2025,Small cell attach fees,4515.21,38.14
SITE-10069,TN Border,Urban,2025,NOC / dispatch (allocated),6039.33,38.14
SITE-10069,TN Border,Urban,2025,Spares & logistics,3995.7,38.14
SITE-10070,TN Border,Urban,2025,Tower / Collocation,20968.44,23.05
SITE-10070,TN Border,Urban,2025,MW transport — 3rd party,15526.84,23.05
SITE-10070,TN Border,Urban,2025,Fiber backhaul circuit,9640.95,23.05
SITE-10070,TN Border,Urban,2025,Field workforce (contract),14116.59,23.05
SITE-10070,TN Border,Urban,2025,OEM RAN maint.,12325.28,23.05
SITE-10070,TN Border,Urban,2025,Power & gen fuel,5169.07,23.05
SITE-10070,TN Border,Urban,2025,Small cell attach fees,3996.3,23.05
SITE-10070,TN Border,Urban,2025,NOC / dispatch (allocated),6328.23,23.05
SITE-10070,TN Border,Urban,2025,Spares & logistics,4508.66,23.05
SITE-10071,TN Border,Suburban,2025,Tower / Collocation,20183.94,62.1
SITE-10071,TN Border,Suburban,2025,MW transport — 3rd party,13359.05,62.1
SITE-10071,TN Border,Suburban,2025,Fiber backhaul circuit,10630.45,62.1
SITE-10071,TN Border,Suburban,2025,Field workforce (contract),14797.56,62.1
SITE-10071,TN Border,Suburban,2025,OEM RAN maint.,11723.07,62.1
SITE-10071,TN Border,Suburban,2025,Power & gen fuel,5374.38,62.1
SITE-10071,TN Border,Suburban,2025,Small cell attach fees,3922.35,62.1
SITE-10071,TN Border,Suburban,2025,NOC / dispatch (allocated),6041.12,62.1
SITE-10071,TN Border,Suburban,2025,Spares & logistics,4067.27,62.1
SITE-10072,Rural West,Rural,2025,Tower / Collocation,25596.61,85.59
SITE-10072,Rural West,Rural,2025,MW transport — 3rd party,17152.65,85.59
SITE-10072,Rural West,Rural,2025,Fiber backhaul circuit,13050.23,85.59
SITE-10072,Rural West,Rural,2025,Field workforce (contract),22091.18,85.59
SITE-10072,Rural West,Rural,2025,OEM RAN maint.,13991.46,85.59
SITE-10072,Rural West,Rural,2025,Power & gen fuel,6435.53,85.59
SITE-10072,Rural West,Rural,2025,Small cell attach fees,5548.34,85.59
SITE-10072,Rural West,Rural,2025,NOC / dispatch (allocated),7116.87,85.59
SITE-10072,Rural West,Rural,2025,Spares & logistics,5162.02,85.59
SITE-10073,South MS,Urban,2025,Tower / Collocation,21011.79,77.25
SITE-10073,South MS,Urban,2025,MW transport — 3rd party,14182.27,77.25
SITE-10073,South MS,Urban,2025,Fiber backhaul circuit,9791.86,77.25
SITE-10073,South MS,Urban,2025,Field workforce (contract),16253.88,77.25
SITE-10073,South MS,Urban,2025,OEM RAN maint.,11232.09,77.25
SITE-10073,South MS,Urban,2025,Power & gen fuel,5248.99,77.25
SITE-10073,South MS,Urban,2025,Small cell attach fees,4011.57,77.25
SITE-10073,South MS,Urban,2025,NOC / dispatch (allocated),6389.4,77.25
SITE-10073,South MS,Urban,2025,Spares & logistics,4031.34,77.25
SITE-10074,Rural West,Urban,2025,Tower / Collocation,19979.39,87.39
SITE-10074,Rural West,Urban,2025,MW transport — 3rd party,14324.69,87.39
SITE-10074,Rural West,Urban,2025,Fiber backhaul circuit,10863.23,87.39
SITE-10074,Rural West,Urban,2025,Field workforce (contract),16226.24,87.39
SITE-10074,Rural West,Urban,2025,OEM RAN maint.,11202.93,87.39
SITE-10074,Rural West,Urban,2025,Power & gen fuel,5113.89,87.39
SITE-10074,Rural West,Urban,2025,Small cell attach fees,4414.37,87.39
SITE-10074,Rural West,Urban,2025,NOC / dispatch (allocated),6170.04,87.39
SITE-10074,Rural West,Urban,2025,Spares & logistics,4442.41,87.39
SITE-10075,Rural West,Suburban,2025,Tower / Collocation,22297.73,17.1
SITE-10075,Rural West,Suburban,2025,MW transport — 3rd party,15236.18,17.1
SITE-10075,Rural West,Suburban,2025,Fiber backhaul circuit,10971.47,17.1
SITE-10075,Rural West,Suburban,2025,Field workforce (contract),14320.46,17.1
SITE-10075,Rural West,Suburban,2025,OEM RAN maint.,10883.69,17.1
SITE-10075,Rural West,Suburban,2025,Power & gen fuel,5298.78,17.1
SITE-10075,Rural West,Suburban,2025,Small cell attach fees,3925.74,17.1
SITE-10075,Rural West,Suburban,2025,NOC / dispatch (allocated),6406.22,17.1
SITE-10075,Rural West,Suburban,2025,Spares & logistics,4166.46,17.1
SITE-10076,Rural West,Rural,2025,Tower / Collocation,24644.76,59.27
SITE-10076,Rural West,Rural,2025,MW transport — 3rd party,17745.91,59.27
SITE-10076,Rural West,Rural,2025,Fiber backhaul circuit,12854.04,59.27
SITE-10076,Rural West,Rural,2025,Field workforce (contract),21011.04,59.27
SITE-10076,Rural West,Rural,2025,OEM RAN maint.,14068.62,59.27
SITE-10076,Rural West,Rural,2025,Power & gen fuel,6610.51,59.27
SITE-10076,Rural West,Rural,2025,Small cell attach fees,5123.34,59.27
SITE-10076,Rural West,Rural,2025,NOC / dispatch (allocated),6860.16,59.27
SITE-10076,Rural West,Rural,2025,Spares & logistics,5048.82,59.27
SITE-10077,Rural West,Suburban,2025,Tower / Collocation,19814.27,19.41
SITE-10077,Rural West,Suburban,2025,MW transport — 3rd party,14819.3,19.41
SITE-10077,Rural West,Suburban,2025,Fiber backhaul circuit,10203.04,19.41
SITE-10077,Rural West,Suburban,2025,Field workforce (contract),16413.59,19.41
SITE-10077,Rural West,Suburban,2025,OEM RAN maint.,10955.34,19.41
SITE-10077,Rural West,Suburban,2025,Power & gen fuel,4772.72,19.41
SITE-10077,Rural West,Suburban,2025,Small cell attach fees,4422.38,19.41
SITE-10077,Rural West,Suburban,2025,NOC / dispatch (allocated),6312.75,19.41
SITE-10077,Rural West,Suburban,2025,Spares & logistics,4099.12,19.41
SITE-10078,Rural West,Urban,2025,Tower / Collocation,20838.16,53.42
SITE-10078,Rural West,Urban,2025,MW transport — 3rd party,13840.21,53.42
SITE-10078,Rural West,Urban,2025,Fiber backhaul circuit,9709.93,53.42
SITE-10078,Rural West,Urban,2025,Field workforce (contract),15254.69,53.42
SITE-10078,Rural West,Urban,2025,OEM RAN maint.,12263.59,53.42
SITE-10078,Rural West,Urban,2025,Power & gen fuel,5224.46,53.42
SITE-10078,Rural West,Urban,2025,Small cell attach fees,4246.94,53.42
SITE-10078,Rural West,Urban,2025,NOC / dispatch (allocated),5579.38,53.42
SITE-10078,Rural West,Urban,2025,Spares & logistics,4081.66,53.42
SITE-10079,North MS,Suburban,2025,Tower / Collocation,22206.37,74.54
SITE-10079,North MS,Suburban,2025,MW transport — 3rd party,15319.25,74.54
SITE-10079,North MS,Suburban,2025,Fiber backhaul circuit,11283.9,74.54
SITE-10079,North MS,Suburban,2025,Field workforce (contract),16480.83,74.54
SITE-10079,North MS,Suburban,2025,OEM RAN maint.,12252.01,74.54
SITE-10079,North MS,Suburban,2025,Power & gen fuel,4750.61,74.54
SITE-10079,North MS,Suburban,2025,Small cell attach fees,4003.7,74.54
SITE-10079,North MS,Suburban,2025,NOC / dispatch (allocated),5763.85,74.54
SITE-10079,North MS,Suburban,2025,Spares & logistics,4285.97,74.54
SITE-10080,Rural West,Urban,2025,Tower / Collocation,21085.96,61.66
SITE-10080,Rural West,Urban,2025,MW transport — 3rd party,13623.43,61.66
SITE-10080,Rural West,Urban,2025,Fiber backhaul circuit,10058.57,61.66
SITE-10080,Rural West,Urban,2025,Field workforce (contract),14468.44,61.66
SITE-10080,Rural West,Urban,2025,OEM RAN maint.,12067.28,61.66
SITE-10080,Rural West,Urban,2025,Power & gen fuel,5168.73,61.66
SITE-10080,Rural West,Urban,2025,Small cell attach fees,4409.89,61.66
SITE-10080,Rural West,Urban,2025,NOC / dispatch (allocated),5755.82,61.66
SITE-10080,Rural West,Urban,2025,Spares & logistics,4162.45,61.66
SITE-10081,Rural West,Suburban,2025,Tower / Collocation,21856.67,74.12
SITE-10081,Rural West,Suburban,2025,MW transport — 3rd party,13719.01,74.12
SITE-10081,Rural West,Suburban,2025,Fiber backhaul circuit,11211.81,74.12
SITE-10081,Rural West,Suburban,2025,Field workforce (contract),14371.36,74.12
SITE-10081,Rural West,Suburban,2025,OEM RAN maint.,12148.05,74.12
SITE-10081,Rural West,Suburban,2025,Power & gen fuel,4773.92,74.12
SITE-10081,Rural West,Suburban,2025,Small cell attach fees,4089.89,74.12
SITE-10081,Rural West,Suburban,2025,NOC / dispatch (allocated),6279.85,74.12
SITE-10081,Rural West,Suburban,2025,Spares & logistics,4032.05,74.12
SITE-10082,North MS,Suburban,2025,Tower / Collocation,21648.54,29.34
SITE-10082,North MS,Suburban,2025,MW transport — 3rd party,15203.39,29.34
SITE-10082,North MS,Suburban,2025,Fiber backhaul circuit,11099.61,29.34
SITE-10082,North MS,Suburban,2025,Field workforce (contract),14906.66,29.34
SITE-10082,North MS,Suburban,2025,OEM RAN maint.,11480.39,29.34
SITE-10082,North MS,Suburban,2025,Power & gen fuel,4894.7,29.34
SITE-10082,North MS,Suburban,2025,Small cell attach fees,4076.46,29.34
SITE-10082,North MS,Suburban,2025,NOC / dispatch (allocated),5627.51,29.34
SITE-10082,North MS,Suburban,2025,Spares & logistics,4549.21,29.34
SITE-10083,AL Panhandle,Rural,2025,Tower / Collocation,25450.92,105.88
SITE-10083,AL Panhandle,Rural,2025,MW transport — 3rd party,17416.22,105.88
SITE-10083,AL Panhandle,Rural,2025,Fiber backhaul circuit,12749.99,105.88
SITE-10083,AL Panhandle,Rural,2025,Field workforce (contract),21445.75,105.88
SITE-10083,AL Panhandle,Rural,2025,OEM RAN maint.,13698.26,105.88
SITE-10083,AL Panhandle,Rural,2025,Power & gen fuel,5815.88,105.88
SITE-10083,AL Panhandle,Rural,2025,Small cell attach fees,4841.55,105.88
SITE-10083,AL Panhandle,Rural,2025,NOC / dispatch (allocated),7731.72,105.88
SITE-10083,AL Panhandle,Rural,2025,Spares & logistics,5135.19,105.88
SITE-10084,North MS,Rural,2025,Tower / Collocation,24192.34,78.73
SITE-10084,North MS,Rural,2025,MW transport — 3rd party,16753.62,78.73
SITE-10084,North MS,Rural,2025,Fiber backhaul circuit,11735.45,78.73
SITE-10084,North MS,Rural,2025,Field workforce (contract),20021.11,78.73
SITE-10084,North MS,Rural,2025,OEM RAN maint.,14766.48,78.73
SITE-10084,North MS,Rural,2025,Power & gen fuel,6003.53,78.73
SITE-10084,North MS,Rural,2025,Small cell attach fees,5239.1,78.73
SITE-10084,North MS,Rural,2025,NOC / dispatch (allocated),7169.64,78.73
SITE-10084,North MS,Rural,2025,Spares & logistics,5067.97,78.73
SITE-10085,North MS,Suburban,2025,Tower / Collocation,22581.33,24.29
SITE-10085,North MS,Suburban,2025,MW transport — 3rd party,15127.33,24.29
SITE-10085,North MS,Suburban,2025,Fiber backhaul circuit,10876.83,24.29
SITE-10085,North MS,Suburban,2025,Field workforce (contract),15223.52,24.29
SITE-10085,North MS,Suburban,2025,OEM RAN maint.,10789.51,24.29
SITE-10085,North MS,Suburban,2025,Power & gen fuel,5443.26,24.29
SITE-10085,North MS,Suburban,2025,Small cell attach fees,4142.14,24.29
SITE-10085,North MS,Suburban,2025,NOC / dispatch (allocated),5521.7,24.29
SITE-10085,North MS,Suburban,2025,Spares & logistics,4142.83,24.29
SITE-10086,TN Border,Rural,2025,Tower / Collocation,26571.56,102.65
SITE-10086,TN Border,Rural,2025,MW transport — 3rd party,16638.56,102.65
SITE-10086,TN Border,Rural,2025,Fiber backhaul circuit,13550.02,102.65
SITE-10086,TN Border,Rural,2025,Field workforce (contract),21109.46,102.65
SITE-10086,TN Border,Rural,2025,OEM RAN maint.,14151.1,102.65
SITE-10086,TN Border,Rural,2025,Power & gen fuel,5687.88,102.65
SITE-10086,TN Border,Rural,2025,Small cell attach fees,5556.54,102.65
SITE-10086,TN Border,Rural,2025,NOC / dispatch (allocated),6957.24,102.65
SITE-10086,TN Border,Rural,2025,Spares & logistics,4789.14,102.65
SITE-10087,TN Border,Suburban,2025,Tower / Collocation,19778.93,19.23
SITE-10087,TN Border,Suburban,2025,MW transport — 3rd party,14698.9,19.23
SITE-10087,TN Border,Suburban,2025,Fiber backhaul circuit,10292.6,19.23
SITE-10087,TN Border,Suburban,2025,Field workforce (contract),16332.69,19.23
SITE-10087,TN Border,Suburban,2025,OEM RAN maint.,11093.45,19.23
SITE-10087,TN Border,Suburban,2025,Power & gen fuel,5284.56,19.23
SITE-10087,TN Border,Suburban,2025,Small cell attach fees,4223.55,19.23
SITE-10087,TN Border,Suburban,2025,NOC / dispatch (allocated),6102.27,19.23
SITE-10087,TN Border,Suburban,2025,Spares & logistics,4317.79,19.23
SITE-10088,TN Border,Suburban,2025,Tower / Collocation,19862.4,37.82
SITE-10088,TN Border,Suburban,2025,MW transport — 3rd party,14804.4,37.82
SITE-10088,TN Border,Suburban,2025,Fiber backhaul circuit,11051.74,37.82
SITE-10088,TN Border,Suburban,2025,Field workforce (contract),14174.54,37.82
SITE-10088,TN Border,Suburban,2025,OEM RAN maint.,11331.94,37.82
SITE-10088,TN Border,Suburban,2025,Power & gen fuel,5420.27,37.82
SITE-10088,TN Border,Suburban,2025,Small cell attach fees,4419.74,37.82
SITE-10088,TN Border,Suburban,2025,NOC / dispatch (allocated),6418.2,37.82
SITE-10088,TN Border,Suburban,2025,Spares & logistics,4271.36,37.82
SITE-10089,Rural West,Suburban,2025,Tower / Collocation,22443.71,34.32
SITE-10089,Rural West,Suburban,2025,MW transport — 3rd party,14086.4,34.32
SITE-10089,Rural West,Suburban,2025,Fiber backhaul circuit,10871.63,34.32
SITE-10089,Rural West,Suburban,2025,Field workforce (contract),15062.89,34.32
SITE-10089,Rural West,Suburban,2025,OEM RAN maint.,11537.0,34.32
SITE-10089,Rural West,Suburban,2025,Power & gen fuel,5279.34,34.32
SITE-10089,Rural West,Suburban,2025,Small cell attach fees,4256.08,34.32
SITE-10089,Rural West,Suburban,2025,NOC / dispatch (allocated),6337.55,34.32
SITE-10089,Rural West,Suburban,2025,Spares & logistics,4195.12,34.32
SITE-10090,AL Panhandle,Suburban,2025,Tower / Collocation,20743.11,43.51
SITE-10090,AL Panhandle,Suburban,2025,MW transport — 3rd party,13532.44,43.51
SITE-10090,AL Panhandle,Suburban,2025,Fiber backhaul circuit,9787.92,43.51
SITE-10090,AL Panhandle,Suburban,2025,Field workforce (contract),15710.02,43.51
SITE-10090,AL Panhandle,Suburban,2025,OEM RAN maint.,11708.26,43.51
SITE-10090,AL Panhandle,Suburban,2025,Power & gen fuel,5232.93,43.51
SITE-10090,AL Panhandle,Suburban,2025,Small cell attach fees,3923.44,43.51
SITE-10090,AL Panhandle,Suburban,2025,NOC / dispatch (allocated),5784.87,43.51
SITE-10090,AL Panhandle,Suburban,2025,Spares & logistics,4044.51,43.51
SITE-10091,South MS,Rural,2025,Tower / Collocation,24350.55,116.02
SITE-10091,South MS,Rural,2025,MW transport — 3rd party,17910.86,116.02
SITE-10091,South MS,Rural,2025,Fiber backhaul circuit,11937.08,116.02
SITE-10091,South MS,Rural,2025,Field workforce (contract),20553.96,116.02
SITE-10091,South MS,Rural,2025,OEM RAN maint.,13042.85,116.02
SITE-10091,South MS,Rural,2025,Power & gen fuel,5965.95,116.02
SITE-10091,South MS,Rural,2025,Small cell attach fees,5293.98,116.02
SITE-10091,South MS,Rural,2025,NOC / dispatch (allocated),7683.35,116.02
SITE-10091,South MS,Rural,2025,Spares & logistics,4904.88,116.02
SITE-10092,AL Panhandle,Suburban,2025,Tower / Collocation,21312.82,90.9
SITE-10092,AL Panhandle,Suburban,2025,MW transport — 3rd party,13830.23,90.9
SITE-10092,AL Panhandle,Suburban,2025,Fiber backhaul circuit,10682.24,90.9
SITE-10092,AL Panhandle,Suburban,2025,Field workforce (contract),14860.56,90.9
SITE-10092,AL Panhandle,Suburban,2025,OEM RAN maint.,12294.29,90.9
SITE-10092,AL Panhandle,Suburban,2025,Power & gen fuel,5018.14,90.9
SITE-10092,AL Panhandle,Suburban,2025,Small cell attach fees,4376.09,90.9
SITE-10092,AL Panhandle,Suburban,2025,NOC / dispatch (allocated),5496.11,90.9
SITE-10092,AL Panhandle,Suburban,2025,Spares & logistics,4182.04,90.9
SITE-10093,TN Border,Rural,2025,Tower / Collocation,25151.57,85.53
SITE-10093,TN Border,Rural,2025,MW transport — 3rd party,18659.04,85.53
SITE-10093,TN Border,Rural,2025,Fiber backhaul circuit,13408.31,85.53
SITE-10093,TN Border,Rural,2025,Field workforce (contract),20714.51,85.53
SITE-10093,TN Border,Rural,2025,OEM RAN maint.,13941.87,85.53
SITE-10093,TN Border,Rural,2025,Power & gen fuel,6169.94,85.53
SITE-10093,TN Border,Rural,2025,Small cell attach fees,5258.93,85.53
SITE-10093,TN Border,Rural,2025,NOC / dispatch (allocated),7018.63,85.53
SITE-10093,TN Border,Rural,2025,Spares & logistics,4939.22,85.53
SITE-10094,Rural West,Rural,2025,Tower / Collocation,27321.03,113.92
SITE-10094,Rural West,Rural,2025,MW transport — 3rd party,18126.15,113.92
SITE-10094,Rural West,Rural,2025,Fiber backhaul circuit,13226.96,113.92
SITE-10094,Rural West,Rural,2025,Field workforce (contract),22216.79,113.92
SITE-10094,Rural West,Rural,2025,OEM RAN maint.,13800.25,113.92
SITE-10094,Rural West,Rural,2025,Power & gen fuel,6136.94,113.92
SITE-10094,Rural West,Rural,2025,Small cell attach fees,4935.95,113.92
SITE-10094,Rural West,Rural,2025,NOC / dispatch (allocated),7377.06,113.92
SITE-10094,Rural West,Rural,2025,Spares & logistics,4976.4,113.92
SITE-10095,Rural West,Suburban,2025,Tower / Collocation,20642.35,58.98
SITE-10095,Rural West,Suburban,2025,MW transport — 3rd party,13746.74,58.98
SITE-10095,Rural West,Suburban,2025,Fiber backhaul circuit,11001.56,58.98
SITE-10095,Rural West,Suburban,2025,Field workforce (contract),16182.68,58.98
SITE-10095,Rural West,Suburban,2025,OEM RAN maint.,10816.61,58.98
SITE-10095,Rural West,Suburban,2025,Power & gen fuel,4698.13,58.98
SITE-10095,Rural West,Suburban,2025,Small cell attach fees,4138.57,58.98
SITE-10095,Rural West,Suburban,2025,NOC / dispatch (allocated),6233.23,58.98
SITE-10095,Rural West,Suburban,2025,Spares & logistics,4480.64,58.98
SITE-10096,TN Border,Urban,2025,Tower / Collocation,20575.6,18.07
SITE-10096,TN Border,Urban,2025,MW transport — 3rd party,15542.58,18.07
SITE-10096,TN Border,Urban,2025,Fiber backhaul circuit,9956.93,18.07
SITE-10096,TN Border,Urban,2025,Field workforce (contract),14452.9,18.07
SITE-10096,TN Border,Urban,2025,OEM RAN maint.,11282.89,18.07
SITE-10096,TN Border,Urban,2025,Power & gen fuel,5197.65,18.07
SITE-10096,TN Border,Urban,2025,Small cell attach fees,4544.37,18.07
SITE-10096,TN Border,Urban,2025,NOC / dispatch (allocated),6407.74,18.07
SITE-10096,TN Border,Urban,2025,Spares & logistics,3957.36,18.07
SITE-10097,TN Border,Urban,2025,Tower / Collocation,20175.38,76.79
SITE-10097,TN Border,Urban,2025,MW transport — 3rd party,15280.58,76.79
SITE-10097,TN Border,Urban,2025,Fiber backhaul circuit,10745.87,76.79
SITE-10097,TN Border,Urban,2025,Field workforce (contract),14349.8,76.79
SITE-10097,TN Border,Urban,2025,OEM RAN maint.,12031.81,76.79
SITE-10097,TN Border,Urban,2025,Power & gen fuel,4835.91,76.79
SITE-10097,TN Border,Urban,2025,Small cell attach fees,4197.98,76.79
SITE-10097,TN Border,Urban,2025,NOC / dispatch (allocated),5999.68,76.79
SITE-10097,TN Border,Urban,2025,Spares & logistics,4250.52,76.79
SITE-10098,TN Border,Suburban,2025,Tower / Collocation,22617.58,94.31
SITE-10098,TN Border,Suburban,2025,MW transport — 3rd party,14432.15,94.31
SITE-10098,TN Border,Suburban,2025,Fiber backhaul circuit,9793.75,94.31
SITE-10098,TN Border,Suburban,2025,Field workforce (contract),15857.76,94.31
SITE-10098,TN Border,Suburban,2025,OEM RAN maint.,12295.27,94.31
SITE-10098,TN Border,Suburban,2025,Power & gen fuel,4951.75,94.31
SITE-10098,TN Border,Suburban,2025,Small cell attach fees,4223.62,94.31
SITE-10098,TN Border,Suburban,2025,NOC / dispatch (allocated),5878.39,94.31
SITE-10098,TN Border,Suburban,2025,Spares & logistics,3944.97,94.31
SITE-10099,TN Border,Suburban,2025,Tower / Collocation,21907.3,38.74
SITE-10099,TN Border,Suburban,2025,MW transport — 3rd party,15159.14,38.74
SITE-10099,TN Border,Suburban,2025,Fiber backhaul circuit,11010.23,38.74
SITE-10099,TN Border,Suburban,2025,Field workforce (contract),15096.0,38.74
SITE-10099,TN Border,Suburban,2025,OEM RAN maint.,11097.81,38.74
SITE-10099,TN Border,Suburban,2025,Power & gen fuel,5303.04,38.74
SITE-10099,TN Border,Suburban,2025,Small cell attach fees,4454.94,38.74
SITE-10099,TN Border,Suburban,2025,NOC / dispatch (allocated),5941.68,38.74
SITE-10099,TN Border,Suburban,2025,Spares & logistics,4517.26,38.74
SITE-10100,AL Panhandle,Urban,2025,Tower / Collocation,19782.95,16.36
SITE-10100,AL Panhandle,Urban,2025,MW transport — 3rd party,14472.18,16.36
SITE-10100,AL Panhandle,Urban,2025,Fiber backhaul circuit,9747.37,16.36
SITE-10100,AL Panhandle,Urban,2025,Field workforce (contract),14205.27,16.36
SITE-10100,AL Panhandle,Urban,2025,OEM RAN maint.,10511.03,16.36
SITE-10100,AL Panhandle,Urban,2025,Power & gen fuel,5048.03,16.36
SITE-10100,AL Panhandle,Urban,2025,Small cell attach fees,4436.74,16.36
SITE-10100,AL Panhandle,Urban,2025,NOC / dispatch (allocated),5507.17,16.36
SITE-10100,AL Panhandle,Urban,2025,Spares & logistics,4353.54,16.36
SITE-10101,Rural West,Rural,2025,Tower / Collocation,23945.23,31.66
SITE-10101,Rural West,Rural,2025,MW transport — 3rd party,18449.35,31.66
SITE-10101,Rural West,Rural,2025,Fiber backhaul circuit,13345.65,31.66
SITE-10101,Rural West,Rural,2025,Field workforce (contract),21453.84,31.66
SITE-10101,Rural West,Rural,2025,OEM RAN maint.,14550.2,31.66
SITE-10101,Rural West,Rural,2025,Power & gen fuel,5777.32,31.66
SITE-10101,Rural West,Rural,2025,Small cell attach fees,5063.05,31.66
SITE-10101,Rural West,Rural,2025,NOC / dispatch (allocated),7484.32,31.66
SITE-10101,Rural West,Rural,2025,Spares & logistics,4950.14,31.66
SITE-10102,South MS,Rural,2025,Tower / Collocation,25235.78,102.58
SITE-10102,South MS,Rural,2025,MW transport — 3rd party,17073.78,102.58
SITE-10102,South MS,Rural,2025,Fiber backhaul circuit,12119.46,102.58
SITE-10102,South MS,Rural,2025,Field workforce (contract),20326.18,102.58
SITE-10102,South MS,Rural,2025,OEM RAN maint.,14400.23,102.58
SITE-10102,South MS,Rural,2025,Power & gen fuel,5803.18,102.58
SITE-10102,South MS,Rural,2025,Small cell attach fees,4808.85,102.58
SITE-10102,South MS,Rural,2025,NOC / dispatch (allocated),6836.57,102.58
SITE-10102,South MS,Rural,2025,Spares & logistics,4882.49,102.58
SITE-10103,AL Panhandle,Rural,2025,Tower / Collocation,27370.51,59.74
SITE-10103,AL Panhandle,Rural,2025,MW transport — 3rd party,16429.97,59.74
SITE-10103,AL Panhandle,Rural,2025,Fiber backhaul circuit,13001.34,59.74
SITE-10103,AL Panhandle,Rural,2025,Field workforce (contract),21146.1,59.74
SITE-10103,AL Panhandle,Rural,2025,OEM RAN maint.,13606.02,59.74
SITE-10103,AL Panhandle,Rural,2025,Power & gen fuel,6550.88,59.74
SITE-10103,AL Panhandle,Rural,2025,Small cell attach fees,5541.89,59.74
SITE-10103,AL Panhandle,Rural,2025,NOC / dispatch (allocated),7640.13,59.74
SITE-10103,AL Panhandle,Rural,2025,Spares & logistics,4896.46,59.74
SITE-10104,AL Panhandle,Urban,2025,Tower / Collocation,21730.57,33.15
SITE-10104,AL Panhandle,Urban,2025,MW transport — 3rd party,14547.21,33.15
SITE-10104,AL Panhandle,Urban,2025,Fiber backhaul circuit,10557.3,33.15
SITE-10104,AL Panhandle,Urban,2025,Field workforce (contract),16104.28,33.15
SITE-10104,AL Panhandle,Urban,2025,OEM RAN maint.,11808.82,33.15
SITE-10104,AL Panhandle,Urban,2025,Power & gen fuel,4713.69,33.15
SITE-10104,AL Panhandle,Urban,2025,Small cell attach fees,3943.63,33.15
SITE-10104,AL Panhandle,Urban,2025,NOC / dispatch (allocated),6046.68,33.15
SITE-10104,AL Panhandle,Urban,2025,Spares & logistics,4240.61,33.15
SITE-10105,TN Border,Suburban,2025,Tower / Collocation,21808.27,44.42
SITE-10105,TN Border,Suburban,2025,MW transport — 3rd party,15146.45,44.42
SITE-10105,TN Border,Suburban,2025,Fiber backhaul circuit,10574.58,44.42
SITE-10105,TN Border,Suburban,2025,Field workforce (contract),15019.38,44.42
SITE-10105,TN Border,Suburban,2025,OEM RAN maint.,11004.87,44.42
SITE-10105,TN Border,Suburban,2025,Power & gen fuel,5117.89,44.42
SITE-10105,TN Border,Suburban,2025,Small cell attach fees,4124.03,44.42
SITE-10105,TN Border,Suburban,2025,NOC / dispatch (allocated),6011.02,44.42
SITE-10105,TN Border,Suburban,2025,Spares & logistics,4370.12,44.42
SITE-10106,South MS,Urban,2025,Tower / Collocation,22266.02,26.47
SITE-10106,South MS,Urban,2025,MW transport — 3rd party,14731.16,26.47
SITE-10106,South MS,Urban,2025,Fiber backhaul circuit,9922.36,26.47
SITE-10106,South MS,Urban,2025,Field workforce (contract),16255.37,26.47
SITE-10106,South MS,Urban,2025,OEM RAN maint.,11369.08,26.47
SITE-10106,South MS,Urban,2025,Power & gen fuel,5080.49,26.47
SITE-10106,South MS,Urban,2025,Small cell attach fees,4546.17,26.47
SITE-10106,South MS,Urban,2025,NOC / dispatch (allocated),5530.63,26.47
SITE-10106,South MS,Urban,2025,Spares & logistics,4056.32,26.47
SITE-10107,North MS,Suburban,2025,Tower / Collocation,21545.6,25.01
SITE-10107,North MS,Suburban,2025,MW transport — 3rd party,13735.77,25.01
SITE-10107,North MS,Suburban,2025,Fiber backhaul circuit,9800.38,25.01
SITE-10107,North MS,Suburban,2025,Field workforce (contract),14582.7,25.01
SITE-10107,North MS,Suburban,2025,OEM RAN maint.,11282.77,25.01
SITE-10107,North MS,Suburban,2025,Power & gen fuel,4835.73,25.01
SITE-10107,North MS,Suburban,2025,Small cell attach fees,4001.59,25.01
SITE-10107,North MS,Suburban,2025,NOC / dispatch (allocated),6292.99,25.01
SITE-10107,North MS,Suburban,2025,Spares & logistics,4127.87,25.01
SITE-10108,South MS,Suburban,2025,Tower / Collocation,20155.86,39.09
SITE-10108,South MS,Suburban,2025,MW transport — 3rd party,14648.7,39.09
SITE-10108,South MS,Suburban,2025,Fiber backhaul circuit,9978.38,39.09
SITE-10108,South MS,Suburban,2025,Field workforce (contract),16250.72,39.09
SITE-10108,South MS,Suburban,2025,OEM RAN maint.,12209.36,39.09
SITE-10108,South MS,Suburban,2025,Power & gen fuel,4773.46,39.09
SITE-10108,South MS,Suburban,2025,Small cell attach fees,3983.03,39.09
SITE-10108,South MS,Suburban,2025,NOC / dispatch (allocated),5583.79,39.09
SITE-10108,South MS,Suburban,2025,Spares & logistics,4331.31,39.09
SITE-10109,North MS,Urban,2025,Tower / Collocation,21796.07,82.16
SITE-10109,North MS,Urban,2025,MW transport — 3rd party,15130.78,82.16
SITE-10109,North MS,Urban,2025,Fiber backhaul circuit,10515.66,82.16
SITE-10109,North MS,Urban,2025,Field workforce (contract),16515.87,82.16
SITE-10109,North MS,Urban,2025,OEM RAN maint.,10590.83,82.16
SITE-10109,North MS,Urban,2025,Power & gen fuel,5019.43,82.16
SITE-10109,North MS,Urban,2025,Small cell attach fees,4130.28,82.16
SITE-10109,North MS,Urban,2025,NOC / dispatch (allocated),6377.11,82.16
SITE-10109,North MS,Urban,2025,Spares & logistics,4302.27,82.16
SITE-10110,Rural West,Rural,2025,Tower / Collocation,25373.68,130.4
SITE-10110,Rural West,Rural,2025,MW transport — 3rd party,17424.77,130.4
SITE-10110,Rural West,Rural,2025,Fiber backhaul circuit,13645.65,130.4
SITE-10110,Rural West,Rural,2025,Field workforce (contract),20914.14,130.4
SITE-10110,Rural West,Rural,2025,OEM RAN maint.,13616.23,130.4
SITE-10110,Rural West,Rural,2025,Power & gen fuel,6263.8,130.4
SITE-10110,Rural West,Rural,2025,Small cell attach fees,4843.52,130.4
SITE-10110,Rural West,Rural,2025,NOC / dispatch (allocated),7003.6,130.4
SITE-10110,Rural West,Rural,2025,Spares & logistics,4897.2,130.4
SITE-10111,North MS,Urban,2025,Tower / Collocation,21243.35,83.35
SITE-10111,North MS,Urban,2025,MW transport — 3rd party,14068.75,83.35
SITE-10111,North MS,Urban,2025,Fiber backhaul circuit,10318.97,83.35
SITE-10111,North MS,Urban,2025,Field workforce (contract),15132.36,83.35
SITE-10111,North MS,Urban,2025,OEM RAN maint.,11667.38,83.35
SITE-10111,North MS,Urban,2025,Power & gen fuel,5448.24,83.35
SITE-10111,North MS,Urban,2025,Small cell attach fees,4544.29,83.35
SITE-10111,North MS,Urban,2025,NOC / dispatch (allocated),5846.7,83.35
SITE-10111,North MS,Urban,2025,Spares & logistics,4133.9,83.35
SITE-10112,Rural West,Suburban,2025,Tower / Collocation,21475.99,48.18
SITE-10112,Rural West,Suburban,2025,MW transport — 3rd party,14519.53,48.18
SITE-10112,Rural West,Suburban,2025,Fiber backhaul circuit,10171.61,48.18
SITE-10112,Rural West,Suburban,2025,Field workforce (contract),14922.35,48.18
SITE-10112,Rural West,Suburban,2025,OEM RAN maint.,11202.09,48.18
SITE-10112,Rural West,Suburban,2025,Power & gen fuel,4769.23,48.18
SITE-10112,Rural West,Suburban,2025,Small cell attach fees,4022.92,48.18
SITE-10112,Rural West,Suburban,2025,NOC / dispatch (allocated),6162.4,48.18
SITE-10112,Rural West,Suburban,2025,Spares & logistics,4174.59,48.18
SITE-10113,AL Panhandle,Urban,2025,Tower / Collocation,21800.32,56.95
SITE-10113,AL Panhandle,Urban,2025,MW transport — 3rd party,13835.56,56.95
SITE-10113,AL Panhandle,Urban,2025,Fiber backhaul circuit,11019.54,56.95
SITE-10113,AL Panhandle,Urban,2025,Field workforce (contract),16346.53,56.95
SITE-10113,AL Panhandle,Urban,2025,OEM RAN maint.,11602.02,56.95
SITE-10113,AL Panhandle,Urban,2025,Power & gen fuel,5237.86,56.95
SITE-10113,AL Panhandle,Urban,2025,Small cell attach fees,3945.75,56.95
SITE-10113,AL Panhandle,Urban,2025,NOC / dispatch (allocated),6374.13,56.95
SITE-10113,AL Panhandle,Urban,2025,Spares & logistics,4176.89,56.95
SITE-10114,Rural West,Rural,2025,Tower / Collocation,23505.37,11.76
SITE-10114,Rural West,Rural,2025,MW transport — 3rd party,17945.94,11.76
SITE-10114,Rural West,Rural,2025,Fiber backhaul circuit,12816.84,11.76
SITE-10114,Rural West,Rural,2025,Field workforce (contract),19705.83,11.76
SITE-10114,Rural West,Rural,2025,OEM RAN maint.,14382.44,11.76
SITE-10114,Rural West,Rural,2025,Power & gen fuel,6528.2,11.76
SITE-10114,Rural West,Rural,2025,Small cell attach fees,5147.05,11.76
SITE-10114,Rural West,Rural,2025,NOC / dispatch (allocated),7170.5,11.76
SITE-10114,Rural West,Rural,2025,Spares & logistics,4742.51,11.76
SITE-10115,AL Panhandle,Rural,2025,Tower / Collocation,26917.23,51.48
SITE-10115,AL Panhandle,Rural,2025,MW transport — 3rd party,17088.17,51.48
SITE-10115,AL Panhandle,Rural,2025,Fiber backhaul circuit,12821.73,51.48
SITE-10115,AL Panhandle,Rural,2025,Field workforce (contract),20537.55,51.48
SITE-10115,AL Panhandle,Rural,2025,OEM RAN maint.,13091.43,51.48
SITE-10115,AL Panhandle,Rural,2025,Power & gen fuel,6451.83,51.48
SITE-10115,AL Panhandle,Rural,2025,Small cell attach fees,5147.19,51.48
SITE-10115,AL Panhandle,Rural,2025,NOC / dispatch (allocated),7252.09,51.48
SITE-10115,AL Panhandle,Rural,2025,Spares & logistics,5533.5,51.48
SITE-10116,TN Border,Rural,2025,Tower / Collocation,25762.01,34.05
SITE-10116,TN Border,Rural,2025,MW transport — 3rd party,18497.76,34.05
SITE-10116,TN Border,Rural,2025,Fiber backhaul circuit,12434.72,34.05
SITE-10116,TN Border,Rural,2025,Field workforce (contract),19960.23,34.05
SITE-10116,TN Border,Rural,2025,OEM RAN maint.,14531.96,34.05
SITE-10116,TN Border,Rural,2025,Power & gen fuel,6161.97,34.05
SITE-10116,TN Border,Rural,2025,Small cell attach fees,5203.06,34.05
SITE-10116,TN Border,Rural,2025,NOC / dispatch (allocated),7766.2,34.05
SITE-10116,TN Border,Rural,2025,Spares & logistics,5238.34,34.05
SITE-10117,Rural West,Suburban,2025,Tower / Collocation,20667.94,40.19
SITE-10117,Rural West,Suburban,2025,MW transport — 3rd party,13515.38,40.19
SITE-10117,Rural West,Suburban,2025,Fiber backhaul circuit,10965.86,40.19
SITE-10117,Rural West,Suburban,2025,Field workforce (contract),16126.73,40.19
SITE-10117,Rural West,Suburban,2025,OEM RAN maint.,11029.91,40.19
SITE-10117,Rural West,Suburban,2025,Power & gen fuel,4939.9,40.19
SITE-10117,Rural West,Suburban,2025,Small cell attach fees,4504.55,40.19
SITE-10117,Rural West,Suburban,2025,NOC / dispatch (allocated),5496.82,40.19
SITE-10117,Rural West,Suburban,2025,Spares & logistics,4263.91,40.19
SITE-10118,AL Panhandle,Suburban,2025,Tower / Collocation,21508.08,22.22
SITE-10118,AL Panhandle,Suburban,2025,MW transport — 3rd party,14110.35,22.22
SITE-10118,AL Panhandle,Suburban,2025,Fiber backhaul circuit,10670.91,22.22
SITE-10118,AL Panhandle,Suburban,2025,Field workforce (contract),14174.15,22.22
SITE-10118,AL Panhandle,Suburban,2025,OEM RAN maint.,11354.04,22.22
SITE-10118,AL Panhandle,Suburban,2025,Power & gen fuel,5118.16,22.22
SITE-10118,AL Panhandle,Suburban,2025,Small cell attach fees,4055.74,22.22
SITE-10118,AL Panhandle,Suburban,2025,NOC / dispatch (allocated),5606.92,22.22
SITE-10118,AL Panhandle,Suburban,2025,Spares & logistics,4038.16,22.22
SITE-10119,TN Border,Suburban,2025,Tower / Collocation,22442.99,16.42
SITE-10119,TN Border,Suburban,2025,MW transport — 3rd party,14175.43,16.42
SITE-10119,TN Border,Suburban,2025,Fiber backhaul circuit,10989.68,16.42
SITE-10119,TN Border,Suburban,2025,Field workforce (contract),16461.37,16.42
SITE-10119,TN Border,Suburban,2025,OEM RAN maint.,10657.65,16.42
SITE-10119,TN Border,Suburban,2025,Power & gen fuel,5223.76,16.42
SITE-10119,TN Border,Suburban,2025,Small cell attach fees,4502.56,16.42
SITE-10119,TN Border,Suburban,2025,NOC / dispatch (allocated),6077.79,16.42
SITE-10119,TN Border,Suburban,2025,Spares & logistics,4201.74,16.42
SITE-10120,South MS,Suburban,2025,Tower / Collocation,22597.88,54.51
SITE-10120,South MS,Suburban,2025,MW transport — 3rd party,15450.68,54.51
SITE-10120,South MS,Suburban,2025,Fiber backhaul circuit,9701.93,54.51
SITE-10120,South MS,Suburban,2025,Field workforce (contract),15803.79,54.51
SITE-10120,South MS,Suburban,2025,OEM RAN maint.,11061.66,54.51
SITE-10120,South MS,Suburban,2025,Power & gen fuel,5428.84,54.51
SITE-10120,South MS,Suburban,2025,Small cell attach fees,3940.68,54.51
SITE-10120,South MS,Suburban,2025,NOC / dispatch (allocated),6364.95,54.51
SITE-10120,South MS,Suburban,2025,Spares & logistics,4479.48,54.51
SITE-10121,North MS,Urban,2025,Tower / Collocation,22065.62,13.2
SITE-10121,North MS,Urban,2025,MW transport — 3rd party,13601.42,13.2
SITE-10121,North MS,Urban,2025,Fiber backhaul circuit,10530.47,13.2
SITE-10121,North MS,Urban,2025,Field workforce (contract),16317.74,13.2
SITE-10121,North MS,Urban,2025,OEM RAN maint.,11547.28,13.2
SITE-10121,North MS,Urban,2025,Power & gen fuel,5016.14,13.2
SITE-10121,North MS,Urban,2025,Small cell attach fees,4212.61,13.2
SITE-10121,North MS,Urban,2025,NOC / dispatch (allocated),5534.09,13.2
SITE-10121,North MS,Urban,2025,Spares & logistics,4568.75,13.2
SITE-10122,TN Border,Suburban,2025,Tower / Collocation,22500.13,32.89
SITE-10122,TN Border,Suburban,2025,MW transport — 3rd party,13459.85,32.89
SITE-10122,TN Border,Suburban,2025,Fiber backhaul circuit,11087.42,32.89
SITE-10122,TN Border,Suburban,2025,Field workforce (contract),15808.8,32.89
SITE-10122,TN Border,Suburban,2025,OEM RAN maint.,12027.22,32.89
SITE-10122,TN Border,Suburban,2025,Power & gen fuel,5488.33,32.89
SITE-10122,TN Border,Suburban,2025,Small cell attach fees,4482.67,32.89
SITE-10122,TN Border,Suburban,2025,NOC / dispatch (allocated),6372.1,32.89
SITE-10122,TN Border,Suburban,2025,Spares & logistics,3996.32,32.89
SITE-10123,North MS,Rural,2025,Tower / Collocation,25555.82,77.66
SITE-10123,North MS,Rural,2025,MW transport — 3rd party,18555.74,77.66
SITE-10123,North MS,Rural,2025,Fiber backhaul circuit,13647.52,77.66
SITE-10123,North MS,Rural,2025,Field workforce (contract),22019.78,77.66
SITE-10123,North MS,Rural,2025,OEM RAN maint.,13805.41,77.66
SITE-10123,North MS,Rural,2025,Power & gen fuel,6136.89,77.66
SITE-10123,North MS,Rural,2025,Small cell attach fees,5056.35,77.66
SITE-10123,North MS,Rural,2025,NOC / dispatch (allocated),7050.34,77.66
SITE-10123,North MS,Rural,2025,Spares & logistics,5060.6,77.66
SITE-10124,TN Border,Urban,2025,Tower / Collocation,20763.29,75.85
SITE-10124,TN Border,Urban,2025,MW transport — 3rd party,15386.14,75.85
SITE-10124,TN Border,Urban,2025,Fiber backhaul circuit,10660.03,75.85
SITE-10124,TN Border,Urban,2025,Field workforce (contract),14162.11,75.85
SITE-10124,TN Border,Urban,2025,OEM RAN maint.,10798.01,75.85
SITE-10124,TN Border,Urban,2025,Power & gen fuel,4859.95,75.85
SITE-10124,TN Border,Urban,2025,Small cell attach fees,4573.5,75.85
SITE-10124,TN Border,Urban,2025,NOC / dispatch (allocated),5682.21,75.85
SITE-10124,TN Border,Urban,2025,Spares & logistics,4260.71,75.85
SITE-10125,North MS,Rural,2025,Tower / Collocation,24308.65,130.22
SITE-10125,North MS,Rural,2025,MW transport — 3rd party,16184.11,130.22
SITE-10125,North MS,Rural,2025,Fiber backhaul circuit,11986.3,130.22
SITE-10125,North MS,Rural,2025,Field workforce (contract),19831.36,130.22
SITE-10125,North MS,Rural,2025,OEM RAN maint.,13167.93,130.22
SITE-10125,North MS,Rural,2025,Power & gen fuel,6247.8,130.22
SITE-10125,North MS,Rural,2025,Small cell attach fees,5489.86,130.22
SITE-10125,North MS,Rural,2025,NOC / dispatch (allocated),7252.94,130.22
SITE-10125,North MS,Rural,2025,Spares & logistics,5253.82,130.22
SITE-10126,AL Panhandle,Urban,2025,Tower / Collocation,22164.24,61.75
SITE-10126,AL Panhandle,Urban,2025,MW transport — 3rd party,15427.96,61.75
SITE-10126,AL Panhandle,Urban,2025,Fiber backhaul circuit,10217.15,61.75
SITE-10126,AL Panhandle,Urban,2025,Field workforce (contract),14297.74,61.75
SITE-10126,AL Panhandle,Urban,2025,OEM RAN maint.,10923.04,61.75
SITE-10126,AL Panhandle,Urban,2025,Power & gen fuel,5049.28,61.75
SITE-10126,AL Panhandle,Urban,2025,Small cell attach fees,4553.07,61.75
SITE-10126,AL Panhandle,Urban,2025,NOC / dispatch (allocated),5834.15,61.75
SITE-10126,AL Panhandle,Urban,2025,Spares & logistics,4434.13,61.75
SITE-10127,Rural West,Suburban,2025,Tower / Collocation,20343.27,23.9
SITE-10127,Rural West,Suburban,2025,MW transport — 3rd party,14747.05,23.9
SITE-10127,Rural West,Suburban,2025,Fiber backhaul circuit,10761.62,23.9
SITE-10127,Rural West,Suburban,2025,Field workforce (contract),15140.29,23.9
SITE-10127,Rural West,Suburban,2025,OEM RAN maint.,10928.01,23.9
SITE-10127,Rural West,Suburban,2025,Power & gen fuel,5281.08,23.9
SITE-10127,Rural West,Suburban,2025,Small cell attach fees,4024.83,23.9
SITE-10127,Rural West,Suburban,2025,NOC / dispatch (allocated),6365.71,23.9
SITE-10127,Rural West,Suburban,2025,Spares & logistics,4037.77,23.9
SITE-10128,AL Panhandle,Urban,2025,Tower / Collocation,20971.45,53.2
SITE-10128,AL Panhandle,Urban,2025,MW transport — 3rd party,14248.38,53.2
SITE-10128,AL Panhandle,Urban,2025,Fiber backhaul circuit,11301.07,53.2
SITE-10128,AL Panhandle,Urban,2025,Field workforce (contract),15266.41,53.2
SITE-10128,AL Panhandle,Urban,2025,OEM RAN maint.,11383.69,53.2
SITE-10128,AL Panhandle,Urban,2025,Power & gen fuel,5036.16,53.2
SITE-10128,AL Panhandle,Urban,2025,Small cell attach fees,3955.44,53.2
SITE-10128,AL Panhandle,Urban,2025,NOC / dispatch (allocated),6038.49,53.2
SITE-10128,AL Panhandle,Urban,2025,Spares & logistics,4065.02,53.2
SITE-10129,AL Panhandle,Suburban,2025,Tower / Collocation,22557.15,12.42
SITE-10129,AL Panhandle,Suburban,2025,MW transport — 3rd party,14322.86,12.42
SITE-10129,AL Panhandle,Suburban,2025,Fiber backhaul circuit,11136.77,12.42
SITE-10129,AL Panhandle,Suburban,2025,Field workforce (contract),15240.17,12.42
SITE-10129,AL Panhandle,Suburban,2025,OEM RAN maint.,10620.36,12.42
SITE-10129,AL Panhandle,Suburban,2025,Power & gen fuel,5362.93,12.42
SITE-10129,AL Panhandle,Suburban,2025,Small cell attach fees,4350.76,12.42
SITE-10129,AL Panhandle,Suburban,2025,NOC / dispatch (allocated),6218.23,12.42
SITE-10129,AL Panhandle,Suburban,2025,Spares & logistics,4201.16,12.42
SITE-10130,North MS,Suburban,2025,Tower / Collocation,20433.55,62.9
SITE-10130,North MS,Suburban,2025,MW transport — 3rd party,14768.56,62.9
SITE-10130,North MS,Suburban,2025,Fiber backhaul circuit,10759.95,62.9
SITE-10130,North MS,Suburban,2025,Field workforce (contract),16427.52,62.9
SITE-10130,North MS,Suburban,2025,OEM RAN maint.,11188.05,62.9
SITE-10130,North MS,Suburban,2025,Power & gen fuel,5038.87,62.9
SITE-10130,North MS,Suburban,2025,Small cell attach fees,4462.24,62.9
SITE-10130,North MS,Suburban,2025,NOC / dispatch (allocated),5955.49,62.9
SITE-10130,North MS,Suburban,2025,Spares & logistics,4410.87,62.9
SITE-10131,Rural West,Suburban,2025,Tower / Collocation,21765.69,26.75
SITE-10131,Rural West,Suburban,2025,MW transport — 3rd party,13544.76,26.75
SITE-10131,Rural West,Suburban,2025,Fiber backhaul circuit,9966.97,26.75
SITE-10131,Rural West,Suburban,2025,Field workforce (contract),15610.47,26.75
SITE-10131,Rural West,Suburban,2025,OEM RAN maint.,11875.97,26.75
SITE-10131,Rural West,Suburban,2025,Power & gen fuel,5422.07,26.75
SITE-10131,Rural West,Suburban,2025,Small cell attach fees,4095.36,26.75
SITE-10131,Rural West,Suburban,2025,NOC / dispatch (allocated),5579.41,26.75
SITE-10131,Rural West,Suburban,2025,Spares & logistics,4560.11,26.75
SITE-10132,South MS,Urban,2025,Tower / Collocation,21042.49,33.35
SITE-10132,South MS,Urban,2025,MW transport — 3rd party,15275.92,33.35
SITE-10132,South MS,Urban,2025,Fiber backhaul circuit,10908.55,33.35
SITE-10132,South MS,Urban,2025,Field workforce (contract),15809.57,33.35
SITE-10132,South MS,Urban,2025,OEM RAN maint.,10830.28,33.35
SITE-10132,South MS,Urban,2025,Power & gen fuel,4983.87,33.35
SITE-10132,South MS,Urban,2025,Small cell attach fees,4235.32,33.35
SITE-10132,South MS,Urban,2025,NOC / dispatch (allocated),5614.35,33.35
SITE-10132,South MS,Urban,2025,Spares & logistics,4095.93,33.35
SITE-10133,North MS,Suburban,2025,Tower / Collocation,21112.36,19.07
SITE-10133,North MS,Suburban,2025,MW transport — 3rd party,14866.44,19.07
SITE-10133,North MS,Suburban,2025,Fiber backhaul circuit,9751.41,19.07
SITE-10133,North MS,Suburban,2025,Field workforce (contract),15253.79,19.07
SITE-10133,North MS,Suburban,2025,OEM RAN maint.,11939.84,19.07
SITE-10133,North MS,Suburban,2025,Power & gen fuel,5302.36,19.07
SITE-10133,North MS,Suburban,2025,Small cell attach fees,4464.25,19.07
SITE-10133,North MS,Suburban,2025,NOC / dispatch (allocated),5900.73,19.07
SITE-10133,North MS,Suburban,2025,Spares & logistics,4467.98,19.07
SITE-10134,South MS,Urban,2025,Tower / Collocation,20835.04,23.34
SITE-10134,South MS,Urban,2025,MW transport — 3rd party,14145.65,23.34
SITE-10134,South MS,Urban,2025,Fiber backhaul circuit,10037.92,23.34
SITE-10134,South MS,Urban,2025,Field workforce (contract),15916.36,23.34
SITE-10134,South MS,Urban,2025,OEM RAN maint.,11083.74,23.34
SITE-10134,South MS,Urban,2025,Power & gen fuel,4914.61,23.34
SITE-10134,South MS,Urban,2025,Small cell attach fees,3999.01,23.34
SITE-10134,South MS,Urban,2025,NOC / dispatch (allocated),5891.76,23.34
SITE-10134,South MS,Urban,2025,Spares & logistics,4116.02,23.34
SITE-10135,South MS,Suburban,2025,Tower / Collocation,21825.84,28.53
SITE-10135,South MS,Suburban,2025,MW transport — 3rd party,15384.57,28.53
SITE-10135,South MS,Suburban,2025,Fiber backhaul circuit,10468.53,28.53
SITE-10135,South MS,Suburban,2025,Field workforce (contract),15650.06,28.53
SITE-10135,South MS,Suburban,2025,OEM RAN maint.,12095.13,28.53
SITE-10135,South MS,Suburban,2025,Power & gen fuel,5507.04,28.53
SITE-10135,South MS,Suburban,2025,Small cell attach fees,4327.19,28.53
SITE-10135,South MS,Suburban,2025,NOC / dispatch (allocated),6321.07,28.53
SITE-10135,South MS,Suburban,2025,Spares & logistics,4527.85,28.53
SITE-10136,South MS,Rural,2025,Tower / Collocation,23413.05,21.08
SITE-10136,South MS,Rural,2025,MW transport — 3rd party,17378.8,21.08
SITE-10136,South MS,Rural,2025,Fiber backhaul circuit,12678.06,21.08
SITE-10136,South MS,Rural,2025,Field workforce (contract),21004.98,21.08
SITE-10136,South MS,Rural,2025,OEM RAN maint.,13994.18,21.08
SITE-10136,South MS,Rural,2025,Power & gen fuel,6231.58,21.08
SITE-10136,South MS,Rural,2025,Small cell attach fees,5427.37,21.08
SITE-10136,South MS,Rural,2025,NOC / dispatch (allocated),6758.55,21.08
SITE-10136,South MS,Rural,2025,Spares & logistics,4923.55,21.08
SITE-10137,AL Panhandle,Rural,2025,Tower / Collocation,27388.52,114.47
SITE-10137,AL Panhandle,Rural,2025,MW transport — 3rd party,18483.15,114.47
SITE-10137,AL Panhandle,Rural,2025,Fiber backhaul circuit,13481.23,114.47
SITE-10137,AL Panhandle,Rural,2025,Field workforce (contract),20687.67,114.47
SITE-10137,AL Panhandle,Rural,2025,OEM RAN maint.,13625.39,114.47
SITE-10137,AL Panhandle,Rural,2025,Power & gen fuel,5950.68,114.47
SITE-10137,AL Panhandle,Rural,2025,Small cell attach fees,5237.59,114.47
SITE-10137,AL Panhandle,Rural,2025,NOC / dispatch (allocated),7716.21,114.47
SITE-10137,AL Panhandle,Rural,2025,Spares & logistics,5021.98,114.47
SITE-10138,TN Border,Suburban,2025,Tower / Collocation,19922.55,22.77
SITE-10138,TN Border,Suburban,2025,MW transport — 3rd party,13376.15,22.77
SITE-10138,TN Border,Suburban,2025,Fiber backhaul circuit,11224.8,22.77
SITE-10138,TN Border,Suburban,2025,Field workforce (contract),15062.25,22.77
SITE-10138,TN Border,Suburban,2025,OEM RAN maint.,12034.72,22.77
SITE-10138,TN Border,Suburban,2025,Power & gen fuel,5247.96,22.77
SITE-10138,TN Border,Suburban,2025,Small cell attach fees,4040.51,22.77
SITE-10138,TN Border,Suburban,2025,NOC / dispatch (allocated),5641.04,22.77
SITE-10138,TN Border,Suburban,2025,Spares & logistics,4462.15,22.77
SITE-10139,South MS,Suburban,2025,Tower / Collocation,19737.81,87.46
SITE-10139,South MS,Suburban,2025,MW transport — 3rd party,14803.52,87.46
SITE-10139,South MS,Suburban,2025,Fiber backhaul circuit,10998.91,87.46
SITE-10139,South MS,Suburban,2025,Field workforce (contract),14651.91,87.46
SITE-10139,South MS,Suburban,2025,OEM RAN maint.,11014.94,87.46
SITE-10139,South MS,Suburban,2025,Power & gen fuel,5479.05,87.46
SITE-10139,South MS,Suburban,2025,Small cell attach fees,4089.93,87.46
SITE-10139,South MS,Suburban,2025,NOC / dispatch (allocated),5883.32,87.46
SITE-10139,South MS,Suburban,2025,Spares & logistics,4204.11,87.46
SITE-10140,TN Border,Suburban,2025,Tower / Collocation,20536.24,75.15
SITE-10140,TN Border,Suburban,2025,MW transport — 3rd party,15166.06,75.15
SITE-10140,TN Border,Suburban,2025,Fiber backhaul circuit,9991.25,75.15
SITE-10140,TN Border,Suburban,2025,Field workforce (contract),14086.54,75.15
SITE-10140,TN Border,Suburban,2025,OEM RAN maint.,11554.08,75.15
SITE-10140,TN Border,Suburban,2025,Power & gen fuel,5503.17,75.15
SITE-10140,TN Border,Suburban,2025,Small cell attach fees,3936.28,75.15
SITE-10140,TN Border,Suburban,2025,NOC / dispatch (allocated),5672.01,75.15
SITE-10140,TN Border,Suburban,2025,Spares & logistics,4262.86,75.15
SITE-10141,TN Border,Rural,2025,Tower / Collocation,24953.78,22.05
SITE-10141,TN Border,Rural,2025,MW transport — 3rd party,18131.97,22.05
SITE-10141,TN Border,Rural,2025,Fiber backhaul circuit,12428.79,22.05
SITE-10141,TN Border,Rural,2025,Field workforce (contract),20259.51,22.05
SITE-10141,TN Border,Rural,2025,OEM RAN maint.,13168.75,22.05
SITE-10141,TN Border,Rural,2025,Power & gen fuel,6091.06,22.05
SITE-10141,TN Border,Rural,2025,Small cell attach fees,5133.04,22.05
SITE-10141,TN Border,Rural,2025,NOC / dispatch (allocated),7627.39,22.05
SITE-10141,TN Border,Rural,2025,Spares & logistics,5267.22,22.05
SITE-10142,North MS,Suburban,2025,Tower / Collocation,20620.14,43.83
SITE-10142,North MS,Suburban,2025,MW transport — 3rd party,15369.24,43.83
SITE-10142,North MS,Suburban,2025,Fiber backhaul circuit,10046.21,43.83
SITE-10142,North MS,Suburban,2025,Field workforce (contract),15862.59,43.83
SITE-10142,North MS,Suburban,2025,OEM RAN maint.,11889.32,43.83
SITE-10142,North MS,Suburban,2025,Power & gen fuel,4771.8,43.83
SITE-10142,North MS,Suburban,2025,Small cell attach fees,4228.4,43.83
SITE-10142,North MS,Suburban,2025,NOC / dispatch (allocated),5664.94,43.83
SITE-10142,North MS,Suburban,2025,Spares & logistics,4036.06,43.83
SITE-10143,Rural West,Suburban,2025,Tower / Collocation,21936.11,33.18
SITE-10143,Rural West,Suburban,2025,MW transport — 3rd party,15332.99,33.18
SITE-10143,Rural West,Suburban,2025,Fiber backhaul circuit,10979.21,33.18
SITE-10143,Rural West,Suburban,2025,Field workforce (contract),14727.24,33.18
SITE-10143,Rural West,Suburban,2025,OEM RAN maint.,11011.15,33.18
SITE-10143,Rural West,Suburban,2025,Power & gen fuel,4899.86,33.18
SITE-10143,Rural West,Suburban,2025,Small cell attach fees,4001.83,33.18
SITE-10143,Rural West,Suburban,2025,NOC / dispatch (allocated),6372.5,33.18
SITE-10143,Rural West,Suburban,2025,Spares & logistics,4183.39,33.18
SITE-10144,AL Panhandle,Urban,2025,Tower / Collocation,19386.16,42.73
SITE-10144,AL Panhandle,Urban,2025,MW transport — 3rd party,13615.66,42.73
SITE-10144,AL Panhandle,Urban,2025,Fiber backhaul circuit,10705.32,42.73
SITE-10144,AL Panhandle,Urban,2025,Field workforce (contract),15992.55,42.73
SITE-10144,AL Panhandle,Urban,2025,OEM RAN maint.,10895.63,42.73
SITE-10144,AL Panhandle,Urban,2025,Power & gen fuel,5440.59,42.73
SITE-10144,AL Panhandle,Urban,2025,Small cell attach fees,4488.68,42.73
SITE-10144,AL Panhandle,Urban,2025,NOC / dispatch (allocated),6281.66,42.73
SITE-10144,AL Panhandle,Urban,2025,Spares & logistics,4064.81,42.73
SITE-10145,Rural West,Urban,2025,Tower / Collocation,20293.23,83.47
SITE-10145,Rural West,Urban,2025,MW transport — 3rd party,14668.11,83.47
SITE-10145,Rural West,Urban,2025,Fiber backhaul circuit,10907.58,83.47
SITE-10145,Rural West,Urban,2025,Field workforce (contract),14390.06,83.47
SITE-10145,Rural West,Urban,2025,OEM RAN maint.,11937.33,83.47
SITE-10145,Rural West,Urban,2025,Power & gen fuel,5457.83,83.47
SITE-10145,Rural West,Urban,2025,Small cell attach fees,4405.29,83.47
SITE-10145,Rural West,Urban,2025,NOC / dispatch (allocated),5894.04,83.47
SITE-10145,Rural West,Urban,2025,Spares & logistics,4506.14,83.47
SITE-10146,Rural West,Suburban,2025,Tower / Collocation,21779.59,79.38
SITE-10146,Rural West,Suburban,2025,MW transport — 3rd party,13905.65,79.38
SITE-10146,Rural West,Suburban,2025,Fiber backhaul circuit,9831.69,79.38
SITE-10146,Rural West,Suburban,2025,Field workforce (contract),14659.45,79.38
SITE-10146,Rural West,Suburban,2025,OEM RAN maint.,11429.25,79.38
SITE-10146,Rural West,Suburban,2025,Power & gen fuel,5104.31,79.38
SITE-10146,Rural West,Suburban,2025,Small cell attach fees,4306.2,79.38
SITE-10146,Rural West,Suburban,2025,NOC / dispatch (allocated),5850.14,79.38
SITE-10146,Rural West,Suburban,2025,Spares & logistics,4445.09,79.38
SITE-10147,TN Border,Rural,2025,Tower / Collocation,26339.64,41.25
SITE-10147,TN Border,Rural,2025,MW transport — 3rd party,17939.11,41.25
SITE-10147,TN Border,Rural,2025,Fiber backhaul circuit,12736.48,41.25
SITE-10147,TN Border,Rural,2025,Field workforce (contract),20258.46,41.25
SITE-10147,TN Border,Rural,2025,OEM RAN maint.,14497.11,41.25
SITE-10147,TN Border,Rural,2025,Power & gen fuel,6635.47,41.25
SITE-10147,TN Border,Rural,2025,Small cell attach fees,5332.79,41.25
SITE-10147,TN Border,Rural,2025,NOC / dispatch (allocated),7692.04,41.25
SITE-10147,TN Border,Rural,2025,Spares & logistics,5548.97,41.25
SITE-10148,South MS,Suburban,2025,Tower / Collocation,22574.71,49.23
SITE-10148,South MS,Suburban,2025,MW transport — 3rd party,13458.75,49.23
SITE-10148,South MS,Suburban,2025,Fiber backhaul circuit,10325.18,49.23
SITE-10148,South MS,Suburban,2025,Field workforce (contract),16219.32,49.23
SITE-10148,South MS,Suburban,2025,OEM RAN maint.,11029.28,49.23
SITE-10148,South MS,Suburban,2025,Power & gen fuel,5334.84,49.23
SITE-10148,South MS,Suburban,2025,Small cell attach fees,4170.29,49.23
SITE-10148,South MS,Suburban,2025,NOC / dispatch (allocated),6406.94,49.23
SITE-10148,South MS,Suburban,2025,Spares & logistics,4510.8,49.23
SITE-10149,TN Border,Suburban,2025,Tower / Collocation,20397.3,75.01
SITE-10149,TN Border,Suburban,2025,MW transport — 3rd party,14639.2,75.01
SITE-10149,TN Border,Suburban,2025,Fiber backhaul circuit,10737.54,75.01
SITE-10149,TN Border,Suburban,2025,Field workforce (contract),16106.85,75.01
SITE-10149,TN Border,Suburban,2025,OEM RAN maint.,10554.77,75.01
SITE-10149,TN Border,Suburban,2025,Power & gen fuel,4871.65,75.01
SITE-10149,TN Border,Suburban,2025,Small cell attach fees,4394.1,75.01
SITE-10149,TN Border,Suburban,2025,NOC / dispatch (allocated),6010.47,75.01
SITE-10149,TN Border,Suburban,2025,Spares & logistics,4247.01,75.01
SITE-10150,AL Panhandle,Urban,2025,Tower / Collocation,19372.0,83.26
SITE-10150,AL Panhandle,Urban,2025,MW transport — 3rd party,14155.72,83.26
SITE-10150,AL Panhandle,Urban,2025,Fiber backhaul circuit,11217.85,83.26
SITE-10150,AL Panhandle,Urban,2025,Field workforce (contract),14200.56,83.26
SITE-10150,AL Panhandle,Urban,2025,OEM RAN maint.,11880.42,83.26
SITE-10150,AL Panhandle,Urban,2025,Power & gen fuel,4902.21,83.26
SITE-10150,AL Panhandle,Urban,2025,Small cell attach fees,4499.29,83.26
SITE-10150,AL Panhandle,Urban,2025,NOC / dispatch (allocated),6184.26,83.26
SITE-10150,AL Panhandle,Urban,2025,Spares & logistics,4512.28,83.26
SITE-10151,South MS,Urban,2025,Tower / Collocation,21879.84,54.22
SITE-10151,South MS,Urban,2025,MW transport — 3rd party,13808.57,54.22
SITE-10151,South MS,Urban,2025,Fiber backhaul circuit,10020.86,54.22
SITE-10151,South MS,Urban,2025,Field workforce (contract),14142.54,54.22
SITE-10151,South MS,Urban,2025,OEM RAN maint.,12262.09,54.22
SITE-10151,South MS,Urban,2025,Power & gen fuel,5271.37,54.22
SITE-10151,South MS,Urban,2025,Small cell attach fees,4342.18,54.22
SITE-10151,South MS,Urban,2025,NOC / dispatch (allocated),6182.28,54.22
SITE-10151,South MS,Urban,2025,Spares & logistics,4271.5,54.22
SITE-10152,North MS,Suburban,2025,Tower / Collocation,19943.83,63.72
SITE-10152,North MS,Suburban,2025,MW transport — 3rd party,15287.97,63.72
SITE-10152,North MS,Suburban,2025,Fiber backhaul circuit,10994.35,63.72
SITE-10152,North MS,Suburban,2025,Field workforce (contract),14931.73,63.72
SITE-10152,North MS,Suburban,2025,OEM RAN maint.,11567.69,63.72
SITE-10152,North MS,Suburban,2025,Power & gen fuel,4807.08,63.72
SITE-10152,North MS,Suburban,2025,Small cell attach fees,4571.2,63.72
SITE-10152,North MS,Suburban,2025,NOC / dispatch (allocated),6333.55,63.72
SITE-10152,North MS,Suburban,2025,Spares & logistics,4536.89,63.72
SITE-10153,AL Panhandle,Suburban,2025,Tower / Collocation,19978.14,22.71
SITE-10153,AL Panhandle,Suburban,2025,MW transport — 3rd party,13449.98,22.71
SITE-10153,AL Panhandle,Suburban,2025,Fiber backhaul circuit,9835.49,22.71
SITE-10153,AL Panhandle,Suburban,2025,Field workforce (contract),14250.55,22.71
SITE-10153,AL Panhandle,Suburban,2025,OEM RAN maint.,12319.32,22.71
SITE-10153,AL Panhandle,Suburban,2025,Power & gen fuel,4752.43,22.71
SITE-10153,AL Panhandle,Suburban,2025,Small cell attach fees,4000.13,22.71
SITE-10153,AL Panhandle,Suburban,2025,NOC / dispatch (allocated),6261.55,22.71
SITE-10153,AL Panhandle,Suburban,2025,Spares & logistics,4304.56,22.71
SITE-10154,North MS,Rural,2025,Tower / Collocation,25941.47,118.65
SITE-10154,North MS,Rural,2025,MW transport — 3rd party,17504.18,118.65
SITE-10154,North MS,Rural,2025,Fiber backhaul circuit,13121.55,118.65
SITE-10154,North MS,Rural,2025,Field workforce (contract),21141.54,118.65
SITE-10154,North MS,Rural,2025,OEM RAN maint.,13502.24,118.65
SITE-10154,North MS,Rural,2025,Power & gen fuel,6148.01,118.65
SITE-10154,North MS,Rural,2025,Small cell attach fees,4877.84,118.65
SITE-10154,North MS,Rural,2025,NOC / dispatch (allocated),7552.13,118.65
SITE-10154,North MS,Rural,2025,Spares & logistics,4952.82,118.65
SITE-10155,TN Border,Urban,2025,Tower / Collocation,22090.29,29.43
SITE-10155,TN Border,Urban,2025,MW transport — 3rd party,14003.18,29.43
SITE-10155,TN Border,Urban,2025,Fiber backhaul circuit,10783.73,29.43
SITE-10155,TN Border,Urban,2025,Field workforce (contract),16172.49,29.43
SITE-10155,TN Border,Urban,2025,OEM RAN maint.,10652.18,29.43
SITE-10155,TN Border,Urban,2025,Power & gen fuel,5316.26,29.43
SITE-10155,TN Border,Urban,2025,Small cell attach fees,4119.21,29.43
SITE-10155,TN Border,Urban,2025,NOC / dispatch (allocated),5680.22,29.43
SITE-10155,TN Border,Urban,2025,Spares & logistics,4378.45,29.43
SITE-10156,North MS,Rural,2025,Tower / Collocation,24525.79,80.48
SITE-10156,North MS,Rural,2025,MW transport — 3rd party,17593.93,80.48
SITE-10156,North MS,Rural,2025,Fiber backhaul circuit,12937.02,80.48
SITE-10156,North MS,Rural,2025,Field workforce (contract),21697.39,80.48
SITE-10156,North MS,Rural,2025,OEM RAN maint.,14116.84,80.48
SITE-10156,North MS,Rural,2025,Power & gen fuel,5819.17,80.48
SITE-10156,North MS,Rural,2025,Small cell attach fees,5309.48,80.48
SITE-10156,North MS,Rural,2025,NOC / dispatch (allocated),7411.59,80.48
SITE-10156,North MS,Rural,2025,Spares & logistics,5300.45,80.48
SITE-10157,South MS,Urban,2025,Tower / Collocation,20639.17,46.87
SITE-10157,South MS,Urban,2025,MW transport — 3rd party,13442.4,46.87
SITE-10157,South MS,Urban,2025,Fiber backhaul circuit,10006.82,46.87
SITE-10157,South MS,Urban,2025,Field workforce (contract),15155.48,46.87
SITE-10157,South MS,Urban,2025,OEM RAN maint.,11867.99,46.87
SITE-10157,South MS,Urban,2025,Power & gen fuel,4885.44,46.87
SITE-10157,South MS,Urban,2025,Small cell attach fees,4474.23,46.87
SITE-10157,South MS,Urban,2025,NOC / dispatch (allocated),5993.6,46.87
SITE-10157,South MS,Urban,2025,Spares & logistics,4427.09,46.87
SITE-10158,AL Panhandle,Suburban,2025,Tower / Collocation,22378.15,61.92
SITE-10158,AL Panhandle,Suburban,2025,MW transport — 3rd party,14375.38,61.92
SITE-10158,AL Panhandle,Suburban,2025,Fiber backhaul circuit,10520.02,61.92
SITE-10158,AL Panhandle,Suburban,2025,Field workforce (contract),15549.69,61.92
SITE-10158,AL Panhandle,Suburban,2025,OEM RAN maint.,11858.14,61.92
SITE-10158,AL Panhandle,Suburban,2025,Power & gen fuel,4750.63,61.92
SITE-10158,AL Panhandle,Suburban,2025,Small cell attach fees,4260.67,61.92
SITE-10158,AL Panhandle,Suburban,2025,NOC / dispatch (allocated),5932.48,61.92
SITE-10158,AL Panhandle,Suburban,2025,Spares & logistics,4536.75,61.92
SITE-10159,AL Panhandle,Suburban,2025,Tower / Collocation,22492.85,48.74
SITE-10159,AL Panhandle,Suburban,2025,MW transport — 3rd party,14280.41,48.74
SITE-10159,AL Panhandle,Suburban,2025,Fiber backhaul circuit,9937.32,48.74
SITE-10159,AL Panhandle,Suburban,2025,Field workforce (contract),14607.01,48.74
SITE-10159,AL Panhandle,Suburban,2025,OEM RAN maint.,10684.07,48.74
SITE-10159,AL Panhandle,Suburban,2025,Power & gen fuel,4692.46,48.74
SITE-10159,AL Panhandle,Suburban,2025,Small cell attach fees,4203.72,48.74
SITE-10159,AL Panhandle,Suburban,2025,NOC / dispatch (allocated),6206.32,48.74
SITE-10159,AL Panhandle,Suburban,2025,Spares & logistics,4408.76,48.74
SITE-10160,South MS,Urban,2025,Tower / Collocation,22422.06,21.42
SITE-10160,South MS,Urban,2025,MW transport — 3rd party,13628.16,21.42
SITE-10160,South MS,Urban,2025,Fiber backhaul circuit,10684.19,21.42
SITE-10160,South MS,Urban,2025,Field workforce (contract),14874.63,21.42
SITE-10160,South MS,Urban,2025,OEM RAN maint.,11682.75,21.42
SITE-10160,South MS,Urban,2025,Power & gen fuel,5028.4,21.42
SITE-10160,South MS,Urban,2025,Small cell attach fees,4426.56,21.42
SITE-10160,South MS,Urban,2025,NOC / dispatch (allocated),5693.61,21.42
SITE-10160,South MS,Urban,2025,Spares & logistics,4525.94,21.42
SITE-10161,AL Panhandle,Suburban,2025,Tower / Collocation,22115.96,73.78
SITE-10161,AL Panhandle,Suburban,2025,MW transport — 3rd party,15543.08,73.78
SITE-10161,AL Panhandle,Suburban,2025,Fiber backhaul circuit,10009.47,73.78
SITE-10161,AL Panhandle,Suburban,2025,Field workforce (contract),14778.31,73.78
SITE-10161,AL Panhandle,Suburban,2025,OEM RAN maint.,10967.83,73.78
SITE-10161,AL Panhandle,Suburban,2025,Power & gen fuel,4906.5,73.78
SITE-10161,AL Panhandle,Suburban,2025,Small cell attach fees,4306.06,73.78
SITE-10161,AL Panhandle,Suburban,2025,NOC / dispatch (allocated),6419.83,73.78
SITE-10161,AL Panhandle,Suburban,2025,Spares & logistics,4583.39,73.78
SITE-10162,South MS,Suburban,2025,Tower / Collocation,22394.78,82.82
SITE-10162,South MS,Suburban,2025,MW transport — 3rd party,13712.21,82.82
SITE-10162,South MS,Suburban,2025,Fiber backhaul circuit,10519.82,82.82
SITE-10162,South MS,Suburban,2025,Field workforce (contract),16114.79,82.82
SITE-10162,South MS,Suburban,2025,OEM RAN maint.,11064.28,82.82
SITE-10162,South MS,Suburban,2025,Power & gen fuel,5050.88,82.82
SITE-10162,South MS,Suburban,2025,Small cell attach fees,4580.22,82.82
SITE-10162,South MS,Suburban,2025,NOC / dispatch (allocated),6411.76,82.82
SITE-10162,South MS,Suburban,2025,Spares & logistics,4526.15,82.82
SITE-10163,TN Border,Rural,2025,Tower / Collocation,24651.73,43.98
SITE-10163,TN Border,Rural,2025,MW transport — 3rd party,17574.39,43.98
SITE-10163,TN Border,Rural,2025,Fiber backhaul circuit,12813.0,43.98
SITE-10163,TN Border,Rural,2025,Field workforce (contract),21339.77,43.98
SITE-10163,TN Border,Rural,2025,OEM RAN maint.,14145.91,43.98
SITE-10163,TN Border,Rural,2025,Power & gen fuel,6089.35,43.98
SITE-10163,TN Border,Rural,2025,Small cell attach fees,5355.32,43.98
SITE-10163,TN Border,Rural,2025,NOC / dispatch (allocated),7017.98,43.98
SITE-10163,TN Border,Rural,2025,Spares & logistics,5010.48,43.98
SITE-10164,AL Panhandle,Urban,2025,Tower / Collocation,20763.99,82.0
SITE-10164,AL Panhandle,Urban,2025,MW transport — 3rd party,13767.5,82.0
SITE-10164,AL Panhandle,Urban,2025,Fiber backhaul circuit,10906.53,82.0
SITE-10164,AL Panhandle,Urban,2025,Field workforce (contract),15432.15,82.0
SITE-10164,AL Panhandle,Urban,2025,OEM RAN maint.,10548.75,82.0
SITE-10164,AL Panhandle,Urban,2025,Power & gen fuel,4950.15,82.0
SITE-10164,AL Panhandle,Urban,2025,Small cell attach fees,4030.36,82.0
SITE-10164,AL Panhandle,Urban,2025,NOC / dispatch (allocated),6098.39,82.0
SITE-10164,AL Panhandle,Urban,2025,Spares & logistics,4097.02,82.0
SITE-10165,North MS,Urban,2025,Tower / Collocation,21217.87,12.78
SITE-10165,North MS,Urban,2025,MW transport — 3rd party,13292.73,12.78
SITE-10165,North MS,Urban,2025,Fiber backhaul circuit,11056.41,12.78
SITE-10165,North MS,Urban,2025,Field workforce (contract),14456.41,12.78
SITE-10165,North MS,Urban,2025,OEM RAN maint.,11618.79,12.78
SITE-10165,North MS,Urban,2025,Power & gen fuel,5054.87,12.78
SITE-10165,North MS,Urban,2025,Small cell attach fees,4211.14,12.78
SITE-10165,North MS,Urban,2025,NOC / dispatch (allocated),5542.35,12.78
SITE-10165,North MS,Urban,2025,Spares & logistics,4455.87,12.78
SITE-10166,North MS,Rural,2025,Tower / Collocation,27019.32,32.95
SITE-10166,North MS,Rural,2025,MW transport — 3rd party,17580.56,32.95
SITE-10166,North MS,Rural,2025,Fiber backhaul circuit,11979.06,32.95
SITE-10166,North MS,Rural,2025,Field workforce (contract),20307.11,32.95
SITE-10166,North MS,Rural,2025,OEM RAN maint.,14197.56,32.95
SITE-10166,North MS,Rural,2025,Power & gen fuel,6402.3,32.95
SITE-10166,North MS,Rural,2025,Small cell attach fees,5231.93,32.95
SITE-10166,North MS,Rural,2025,NOC / dispatch (allocated),7732.75,32.95
SITE-10166,North MS,Rural,2025,Spares & logistics,5145.11,32.95
SITE-10167,North MS,Suburban,2025,Tower / Collocation,20473.74,49.52
SITE-10167,North MS,Suburban,2025,MW transport — 3rd party,13759.55,49.52
SITE-10167,North MS,Suburban,2025,Fiber backhaul circuit,9711.25,49.52
SITE-10167,North MS,Suburban,2025,Field workforce (contract),14938.22,49.52
SITE-10167,North MS,Suburban,2025,OEM RAN maint.,11810.42,49.52
SITE-10167,North MS,Suburban,2025,Power & gen fuel,4707.05,49.52
SITE-10167,North MS,Suburban,2025,Small cell attach fees,4208.64,49.52
SITE-10167,North MS,Suburban,2025,NOC / dispatch (allocated),6087.1,49.52
SITE-10167,North MS,Suburban,2025,Spares & logistics,4325.07,49.52
SITE-10168,AL Panhandle,Rural,2025,Tower / Collocation,23766.29,97.89
SITE-10168,AL Panhandle,Rural,2025,MW transport — 3rd party,17372.72,97.89
SITE-10168,AL Panhandle,Rural,2025,Fiber backhaul circuit,12899.55,97.89
SITE-10168,AL Panhandle,Rural,2025,Field workforce (contract),20453.03,97.89
SITE-10168,AL Panhandle,Rural,2025,OEM RAN maint.,12829.99,97.89
SITE-10168,AL Panhandle,Rural,2025,Power & gen fuel,5906.69,97.89
SITE-10168,AL Panhandle,Rural,2025,Small cell attach fees,5112.83,97.89
SITE-10168,AL Panhandle,Rural,2025,NOC / dispatch (allocated),7110.71,97.89
SITE-10168,AL Panhandle,Rural,2025,Spares & logistics,4883.57,97.89
SITE-10169,Rural West,Rural,2025,Tower / Collocation,24166.47,123.95
SITE-10169,Rural West,Rural,2025,MW transport — 3rd party,18641.28,123.95
SITE-10169,Rural West,Rural,2025,Fiber backhaul circuit,11710.7,123.95
SITE-10169,Rural West,Rural,2025,Field workforce (contract),22770.7,123.95
SITE-10169,Rural West,Rural,2025,OEM RAN maint.,14844.18,123.95
SITE-10169,Rural West,Rural,2025,Power & gen fuel,5697.52,123.95
SITE-10169,Rural West,Rural,2025,Small cell attach fees,5366.73,123.95
SITE-10169,Rural West,Rural,2025,NOC / dispatch (allocated),7752.42,123.95
SITE-10169,Rural West,Rural,2025,Spares & logistics,5484.46,123.95
SITE-10170,North MS,Rural,2025,Tower / Collocation,26799.58,20.72
SITE-10170,North MS,Rural,2025,MW transport — 3rd party,17760.1,20.72
SITE-10170,North MS,Rural,2025,Fiber backhaul circuit,12922.55,20.72
SITE-10170,North MS,Rural,2025,Field workforce (contract),21038.72,20.72
SITE-10170,North MS,Rural,2025,OEM RAN maint.,14002.32,20.72
SITE-10170,North MS,Rural,2025,Power & gen fuel,5837.46,20.72
SITE-10170,North MS,Rural,2025,Small cell attach fees,5347.57,20.72
SITE-10170,North MS,Rural,2025,NOC / dispatch (allocated),6719.74,20.72
SITE-10170,North MS,Rural,2025,Spares & logistics,5339.34,20.72
SITE-10171,AL Panhandle,Rural,2025,Tower / Collocation,25419.12,68.75
SITE-10171,AL Panhandle,Rural,2025,MW transport — 3rd party,16918.36,68.75
SITE-10171,AL Panhandle,Rural,2025,Fiber backhaul circuit,13642.76,68.75
SITE-10171,AL Panhandle,Rural,2025,Field workforce (contract),22116.27,68.75
SITE-10171,AL Panhandle,Rural,2025,OEM RAN maint.,13553.02,68.75
SITE-10171,AL Panhandle,Rural,2025,Power & gen fuel,5858.45,68.75
SITE-10171,AL Panhandle,Rural,2025,Small cell attach fees,4918.93,68.75
SITE-10171,AL Panhandle,Rural,2025,NOC / dispatch (allocated),7168.38,68.75
SITE-10171,AL Panhandle,Rural,2025,Spares & logistics,5514.68,68.75
SITE-10172,North MS,Rural,2025,Tower / Collocation,24884.61,115.89
SITE-10172,North MS,Rural,2025,MW transport — 3rd party,18424.01,115.89
SITE-10172,North MS,Rural,2025,Fiber backhaul circuit,12165.16,115.89
SITE-10172,North MS,Rural,2025,Field workforce (contract),21725.79,115.89
SITE-10172,North MS,Rural,2025,OEM RAN maint.,14788.24,115.89
SITE-10172,North MS,Rural,2025,Power & gen fuel,5940.61,115.89
SITE-10172,North MS,Rural,2025,Small cell attach fees,5308.97,115.89
SITE-10172,North MS,Rural,2025,NOC / dispatch (allocated),7772.16,115.89
SITE-10172,North MS,Rural,2025,Spares & logistics,4862.09,115.89
SITE-10173,South MS,Urban,2025,Tower / Collocation,20406.95,66.65
SITE-10173,South MS,Urban,2025,MW transport — 3rd party,13406.78,66.65
SITE-10173,South MS,Urban,2025,Fiber backhaul circuit,10430.62,66.65
SITE-10173,South MS,Urban,2025,Field workforce (contract),15921.23,66.65
SITE-10173,South MS,Urban,2025,OEM RAN maint.,11031.24,66.65
SITE-10173,South MS,Urban,2025,Power & gen fuel,4965.4,66.65
SITE-10173,South MS,Urban,2025,Small cell attach fees,4485.08,66.65
SITE-10173,South MS,Urban,2025,NOC / dispatch (allocated),5969.11,66.65
SITE-10173,South MS,Urban,2025,Spares & logistics,4483.06,66.65
SITE-10174,Rural West,Suburban,2025,Tower / Collocation,19656.86,64.62
SITE-10174,Rural West,Suburban,2025,MW transport — 3rd party,15281.14,64.62
SITE-10174,Rural West,Suburban,2025,Fiber backhaul circuit,10454.01,64.62
SITE-10174,Rural West,Suburban,2025,Field workforce (contract),14422.73,64.62
SITE-10174,Rural West,Suburban,2025,OEM RAN maint.,10789.17,64.62
SITE-10174,Rural West,Suburban,2025,Power & gen fuel,5253.03,64.62
SITE-10174,Rural West,Suburban,2025,Small cell attach fees,3942.21,64.62
SITE-10174,Rural West,Suburban,2025,NOC / dispatch (allocated),5746.84,64.62
SITE-10174,Rural West,Suburban,2025,Spares & logistics,4005.06,64.62
SITE-10175,Rural West,Suburban,2025,Tower / Collocation,21017.31,44.05
SITE-10175,Rural West,Suburban,2025,MW transport — 3rd party,13886.73,44.05
SITE-10175,Rural West,Suburban,2025,Fiber backhaul circuit,9687.93,44.05
SITE-10175,Rural West,Suburban,2025,Field workforce (contract),15580.02,44.05
SITE-10175,Rural West,Suburban,2025,OEM RAN maint.,11193.18,44.05
SITE-10175,Rural West,Suburban,2025,Power & gen fuel,5223.49,44.05
SITE-10175,Rural West,Suburban,2025,Small cell attach fees,3983.89,44.05
SITE-10175,Rural West,Suburban,2025,NOC / dispatch (allocated),5487.12,44.05
SITE-10175,Rural West,Suburban,2025,Spares & logistics,4078.84,44.05
SITE-10176,South MS,Suburban,2025,Tower / Collocation,20534.63,78.5
SITE-10176,South MS,Suburban,2025,MW transport — 3rd party,14464.35,78.5
SITE-10176,South MS,Suburban,2025,Fiber backhaul circuit,10628.69,78.5
SITE-10176,South MS,Suburban,2025,Field workforce (contract),14129.44,78.5
SITE-10176,South MS,Suburban,2025,OEM RAN maint.,11451.66,78.5
SITE-10176,South MS,Suburban,2025,Power & gen fuel,4973.38,78.5
SITE-10176,South MS,Suburban,2025,Small cell attach fees,4196.47,78.5
SITE-10176,South MS,Suburban,2025,NOC / dispatch (allocated),5569.47,78.5
SITE-10176,South MS,Suburban,2025,Spares & logistics,4442.32,78.5
SITE-10177,South MS,Rural,2025,Tower / Collocation,25790.84,13.91
SITE-10177,South MS,Rural,2025,MW transport — 3rd party,18178.77,13.91
SITE-10177,South MS,Rural,2025,Fiber backhaul circuit,12252.69,13.91
SITE-10177,South MS,Rural,2025,Field workforce (contract),22301.96,13.91
SITE-10177,South MS,Rural,2025,OEM RAN maint.,14136.35,13.91
SITE-10177,South MS,Rural,2025,Power & gen fuel,6604.36,13.91
SITE-10177,South MS,Rural,2025,Small cell attach fees,5546.35,13.91
SITE-10177,South MS,Rural,2025,NOC / dispatch (allocated),6682.05,13.91
SITE-10177,South MS,Rural,2025,Spares & logistics,5104.63,13.91
SITE-10178,AL Panhandle,Suburban,2025,Tower / Collocation,22578.13,37.26
SITE-10178,AL Panhandle,Suburban,2025,MW transport — 3rd party,13280.08,37.26
SITE-10178,AL Panhandle,Suburban,2025,Fiber backhaul circuit,10392.43,37.26
SITE-10178,AL Panhandle,Suburban,2025,Field workforce (contract),16138.82,37.26
SITE-10178,AL Panhandle,Suburban,2025,OEM RAN maint.,11102.12,37.26
SITE-10178,AL Panhandle,Suburban,2025,Power & gen fuel,5083.52,37.26
SITE-10178,AL Panhandle,Suburban,2025,Small cell attach fees,4575.07,37.26
SITE-10178,AL Panhandle,Suburban,2025,NOC / dispatch (allocated),5926.08,37.26
SITE-10178,AL Panhandle,Suburban,2025,Spares & logistics,3999.03,37.26
SITE-10179,North MS,Urban,2025,Tower / Collocation,20159.22,90.25
SITE-10179,North MS,Urban,2025,MW transport — 3rd party,14403.6,90.25
SITE-10179,North MS,Urban,2025,Fiber backhaul circuit,9786.21,90.25
SITE-10179,North MS,Urban,2025,Field workforce (contract),15113.11,90.25
SITE-10179,North MS,Urban,2025,OEM RAN maint.,12210.16,90.25
SITE-10179,North MS,Urban,2025,Power & gen fuel,5101.97,90.25
SITE-10179,North MS,Urban,2025,Small cell attach fees,4570.37,90.25
SITE-10179,North MS,Urban,2025,NOC / dispatch (allocated),5720.41,90.25
SITE-10179,North MS,Urban,2025,Spares & logistics,4253.09,90.25
SITE-10180,North MS,Rural,2025,Tower / Collocation,26822.67,45.24
SITE-10180,North MS,Rural,2025,MW transport — 3rd party,17135.14,45.24
SITE-10180,North MS,Rural,2025,Fiber backhaul circuit,12751.98,45.24
SITE-10180,North MS,Rural,2025,Field workforce (contract),22946.61,45.24
SITE-10180,North MS,Rural,2025,OEM RAN maint.,13148.79,45.24
SITE-10180,North MS,Rural,2025,Power & gen fuel,5983.62,45.24
SITE-10180,North MS,Rural,2025,Small cell attach fees,4763.6,45.24
SITE-10180,North MS,Rural,2025,NOC / dispatch (allocated),7085.22,45.24
SITE-10180,North MS,Rural,2025,Spares & logistics,4902.95,45.24
SITE-10181,AL Panhandle,Suburban,2025,Tower / Collocation,21529.8,23.77
SITE-10181,AL Panhandle,Suburban,2025,MW transport — 3rd party,13849.51,23.77
SITE-10181,AL Panhandle,Suburban,2025,Fiber backhaul circuit,10229.41,23.77
SITE-10181,AL Panhandle,Suburban,2025,Field workforce (contract),14930.01,23.77
SITE-10181,AL Panhandle,Suburban,2025,OEM RAN maint.,11820.19,23.77
SITE-10181,AL Panhandle,Suburban,2025,Power & gen fuel,5072.67,23.77
SITE-10181,AL Panhandle,Suburban,2025,Small cell attach fees,4155.68,23.77
SITE-10181,AL Panhandle,Suburban,2025,NOC / dispatch (allocated),6285.7,23.77
SITE-10181,AL Panhandle,Suburban,2025,Spares & logistics,4298.93,23.77
SITE-10182,North MS,Urban,2025,Tower / Collocation,19399.1,37.81
SITE-10182,North MS,Urban,2025,MW transport — 3rd party,14381.8,37.81
SITE-10182,North MS,Urban,2025,Fiber backhaul circuit,9841.9,37.81
SITE-10182,North MS,Urban,2025,Field workforce (contract),14659.77,37.81
SITE-10182,North MS,Urban,2025,OEM RAN maint.,11875.68,37.81
SITE-10182,North MS,Urban,2025,Power & gen fuel,4798.69,37.81
SITE-10182,North MS,Urban,2025,Small cell attach fees,4458.72,37.81
SITE-10182,North MS,Urban,2025,NOC / dispatch (allocated),6365.94,37.81
SITE-10182,North MS,Urban,2025,Spares & logistics,4322.44,37.81
SITE-10183,Rural West,Rural,2025,Tower / Collocation,27380.33,98.11
SITE-10183,Rural West,Rural,2025,MW transport — 3rd party,17000.2,98.11
SITE-10183,Rural West,Rural,2025,Fiber backhaul circuit,12005.09,98.11
SITE-10183,Rural West,Rural,2025,Field workforce (contract),21386.39,98.11
SITE-10183,Rural West,Rural,2025,OEM RAN maint.,13916.85,98.11
SITE-10183,Rural West,Rural,2025,Power & gen fuel,5861.52,98.11
SITE-10183,Rural West,Rural,2025,Small cell attach fees,5243.2,98.11
SITE-10183,Rural West,Rural,2025,NOC / dispatch (allocated),6649.49,98.11
SITE-10183,Rural West,Rural,2025,Spares & logistics,5502.4,98.11
SITE-10184,South MS,Suburban,2025,Tower / Collocation,20073.56,17.42
SITE-10184,South MS,Suburban,2025,MW transport — 3rd party,13873.53,17.42
SITE-10184,South MS,Suburban,2025,Fiber backhaul circuit,9689.21,17.42
SITE-10184,South MS,Suburban,2025,Field workforce (contract),14759.86,17.42
SITE-10184,South MS,Suburban,2025,OEM RAN maint.,10862.75,17.42
SITE-10184,South MS,Suburban,2025,Power & gen fuel,5000.95,17.42
SITE-10184,South MS,Suburban,2025,Small cell attach fees,4171.91,17.42
SITE-10184,South MS,Suburban,2025,NOC / dispatch (allocated),5796.74,17.42
SITE-10184,South MS,Suburban,2025,Spares & logistics,4132.99,17.42
SITE-10185,North MS,Urban,2025,Tower / Collocation,19945.77,10.19
SITE-10185,North MS,Urban,2025,MW transport — 3rd party,14985.32,10.19
SITE-10185,North MS,Urban,2025,Fiber backhaul circuit,11294.36,10.19
SITE-10185,North MS,Urban,2025,Field workforce (contract),16349.03,10.19
SITE-10185,North MS,Urban,2025,OEM RAN maint.,11431.71,10.19
SITE-10185,North MS,Urban,2025,Power & gen fuel,5125.97,10.19
SITE-10185,North MS,Urban,2025,Small cell attach fees,4123.92,10.19
SITE-10185,North MS,Urban,2025,NOC / dispatch (allocated),6210.79,10.19
SITE-10185,North MS,Urban,2025,Spares & logistics,4430.03,10.19
SITE-10186,AL Panhandle,Rural,2025,Tower / Collocation,26462.89,64.1
SITE-10186,AL Panhandle,Rural,2025,MW transport — 3rd party,18297.53,64.1
SITE-10186,AL Panhandle,Rural,2025,Fiber backhaul circuit,12300.71,64.1
SITE-10186,AL Panhandle,Rural,2025,Field workforce (contract),22785.3,64.1
SITE-10186,AL Panhandle,Rural,2025,OEM RAN maint.,12944.7,64.1
SITE-10186,AL Panhandle,Rural,2025,Power & gen fuel,6668.73,64.1
SITE-10186,AL Panhandle,Rural,2025,Small cell attach fees,5372.55,64.1
SITE-10186,AL Panhandle,Rural,2025,NOC / dispatch (allocated),6740.8,64.1
SITE-10186,AL Panhandle,Rural,2025,Spares & logistics,5278.73,64.1
SITE-10187,Rural West,Urban,2025,Tower / Collocation,21946.71,75.01
SITE-10187,Rural West,Urban,2025,MW transport — 3rd party,14630.1,75.01
SITE-10187,Rural West,Urban,2025,Fiber backhaul circuit,11069.93,75.01
SITE-10187,Rural West,Urban,2025,Field workforce (contract),14315.62,75.01
SITE-10187,Rural West,Urban,2025,OEM RAN maint.,11014.42,75.01
SITE-10187,Rural West,Urban,2025,Power & gen fuel,5029.97,75.01
SITE-10187,Rural West,Urban,2025,Small cell attach fees,3938.87,75.01
SITE-10187,Rural West,Urban,2025,NOC / dispatch (allocated),5900.7,75.01
SITE-10187,Rural West,Urban,2025,Spares & logistics,4090.35,75.01
SITE-10188,Rural West,Suburban,2025,Tower / Collocation,20174.4,84.51
SITE-10188,Rural West,Suburban,2025,MW transport — 3rd party,15301.06,84.51
SITE-10188,Rural West,Suburban,2025,Fiber backhaul circuit,10347.96,84.51
SITE-10188,Rural West,Suburban,2025,Field workforce (contract),14878.47,84.51
SITE-10188,Rural West,Suburban,2025,OEM RAN maint.,11428.59,84.51
SITE-10188,Rural West,Suburban,2025,Power & gen fuel,5032.88,84.51
SITE-10188,Rural West,Suburban,2025,Small cell attach fees,4085.01,84.51
SITE-10188,Rural West,Suburban,2025,NOC / dispatch (allocated),5952.55,84.51
SITE-10188,Rural West,Suburban,2025,Spares & logistics,4013.23,84.51
SITE-10189,AL Panhandle,Suburban,2025,Tower / Collocation,20653.83,57.22
SITE-10189,AL Panhandle,Suburban,2025,MW transport — 3rd party,15140.24,57.22
SITE-10189,AL Panhandle,Suburban,2025,Fiber backhaul circuit,10064.38,57.22
SITE-10189,AL Panhandle,Suburban,2025,Field workforce (contract),16450.0,57.22
SITE-10189,AL Panhandle,Suburban,2025,OEM RAN maint.,11944.43,57.22
SITE-10189,AL Panhandle,Suburban,2025,Power & gen fuel,5481.56,57.22
SITE-10189,AL Panhandle,Suburban,2025,Small cell attach fees,4479.93,57.22
SITE-10189,AL Panhandle,Suburban,2025,NOC / dispatch (allocated),5609.28,57.22
SITE-10189,AL Panhandle,Suburban,2025,Spares & logistics,4267.99,57.22
SITE-10190,South MS,Urban,2025,Tower / Collocation,20151.31,58.82
SITE-10190,South MS,Urban,2025,MW transport — 3rd party,15383.64,58.82
SITE-10190,South MS,Urban,2025,Fiber backhaul circuit,9827.24,58.82
SITE-10190,South MS,Urban,2025,Field workforce (contract),15456.34,58.82
SITE-10190,South MS,Urban,2025,OEM RAN maint.,11828.03,58.82
SITE-10190,South MS,Urban,2025,Power & gen fuel,4740.02,58.82
SITE-10190,South MS,Urban,2025,Small cell attach fees,4316.54,58.82
SITE-10190,South MS,Urban,2025,NOC / dispatch (allocated),6250.74,58.82
SITE-10190,South MS,Urban,2025,Spares & logistics,3955.92,58.82
SITE-10191,Rural West,Suburban,2025,Tower / Collocation,21489.97,30.49
SITE-10191,Rural West,Suburban,2025,MW transport — 3rd party,13516.02,30.49
SITE-10191,Rural West,Suburban,2025,Fiber backhaul circuit,11204.29,30.49
SITE-10191,Rural West,Suburban,2025,Field workforce (contract),16266.3,30.49
SITE-10191,Rural West,Suburban,2025,OEM RAN maint.,10850.01,30.49
SITE-10191,Rural West,Suburban,2025,Power & gen fuel,4955.78,30.49
SITE-10191,Rural West,Suburban,2025,Small cell attach fees,4309.59,30.49
SITE-10191,Rural West,Suburban,2025,NOC / dispatch (allocated),6157.6,30.49
SITE-10191,Rural West,Suburban,2025,Spares & logistics,4211.01,30.49
SITE-10192,TN Border,Urban,2025,Tower / Collocation,20794.38,94.98
SITE-10192,TN Border,Urban,2025,MW transport — 3rd party,15252.21,94.98
SITE-10192,TN Border,Urban,2025,Fiber backhaul circuit,10442.47,94.98
SITE-10192,TN Border,Urban,2025,Field workforce (contract),16333.93,94.98
SITE-10192,TN Border,Urban,2025,OEM RAN maint.,10670.49,94.98
SITE-10192,TN Border,Urban,2025,Power & gen fuel,4785.04,94.98
SITE-10192,TN Border,Urban,2025,Small cell attach fees,4542.15,94.98
SITE-10192,TN Border,Urban,2025,NOC / dispatch (allocated),6376.01,94.98
SITE-10192,TN Border,Urban,2025,Spares & logistics,4124.01,94.98
SITE-10193,North MS,Suburban,2025,Tower / Collocation,20663.05,47.36
SITE-10193,North MS,Suburban,2025,MW transport — 3rd party,13680.39,47.36
SITE-10193,North MS,Suburban,2025,Fiber backhaul circuit,11139.49,47.36
SITE-10193,North MS,Suburban,2025,Field workforce (contract),14696.1,47.36
SITE-10193,North MS,Suburban,2025,OEM RAN maint.,11799.21,47.36
SITE-10193,North MS,Suburban,2025,Power & gen fuel,4746.8,47.36
SITE-10193,North MS,Suburban,2025,Small cell attach fees,3936.35,47.36
SITE-10193,North MS,Suburban,2025,NOC / dispatch (allocated),6096.35,47.36
SITE-10193,North MS,Suburban,2025,Spares & logistics,4140.53,47.36
SITE-10194,AL Panhandle,Suburban,2025,Tower / Collocation,21776.78,90.64
SITE-10194,AL Panhandle,Suburban,2025,MW transport — 3rd party,15260.81,90.64
SITE-10194,AL Panhandle,Suburban,2025,Fiber backhaul circuit,9862.9,90.64
SITE-10194,AL Panhandle,Suburban,2025,Field workforce (contract),14859.75,90.64
SITE-10194,AL Panhandle,Suburban,2025,OEM RAN maint.,11183.35,90.64
SITE-10194,AL Panhandle,Suburban,2025,Power & gen fuel,5130.33,90.64
SITE-10194,AL Panhandle,Suburban,2025,Small cell attach fees,4111.87,90.64
SITE-10194,AL Panhandle,Suburban,2025,NOC / dispatch (allocated),5531.72,90.64
SITE-10194,AL Panhandle,Suburban,2025,Spares & logistics,4160.84,90.64
SITE-10195,North MS,Suburban,2025,Tower / Collocation,19928.5,41.58
SITE-10195,North MS,Suburban,2025,MW transport — 3rd party,13845.87,41.58
SITE-10195,North MS,Suburban,2025,Fiber backhaul circuit,10684.71,41.58
SITE-10195,North MS,Suburban,2025,Field workforce (contract),15026.2,41.58
SITE-10195,North MS,Suburban,2025,OEM RAN maint.,11141.39,41.58
SITE-10195,North MS,Suburban,2025,Power & gen fuel,5127.67,41.58
SITE-10195,North MS,Suburban,2025,Small cell attach fees,4434.87,41.58
SITE-10195,North MS,Suburban,2025,NOC / dispatch (allocated),5834.68,41.58
SITE-10195,North MS,Suburban,2025,Spares & logistics,4309.51,41.58
SITE-10196,South MS,Rural,2025,Tower / Collocation,26571.71,122.01
SITE-10196,South MS,Rural,2025,MW transport — 3rd party,16210.91,122.01
SITE-10196,South MS,Rural,2025,Fiber backhaul circuit,12545.65,122.01
SITE-10196,South MS,Rural,2025,Field workforce (contract),21997.54,122.01
SITE-10196,South MS,Rural,2025,OEM RAN maint.,14921.22,122.01
SITE-10196,South MS,Rural,2025,Power & gen fuel,6138.84,122.01
SITE-10196,South MS,Rural,2025,Small cell attach fees,4814.46,122.01
SITE-10196,South MS,Rural,2025,NOC / dispatch (allocated),7281.53,122.01
SITE-10196,South MS,Rural,2025,Spares & logistics,4842.29,122.01
SITE-10197,AL Panhandle,Rural,2025,Tower / Collocation,26286.48,73.04
SITE-10197,AL Panhandle,Rural,2025,MW transport — 3rd party,18473.24,73.04
SITE-10197,AL Panhandle,Rural,2025,Fiber backhaul circuit,12951.41,73.04
SITE-10197,AL Panhandle,Rural,2025,Field workforce (contract),21704.57,73.04
SITE-10197,AL Panhandle,Rural,2025,OEM RAN maint.,14407.05,73.04
SITE-10197,AL Panhandle,Rural,2025,Power & gen fuel,6518.62,73.04
SITE-10197,AL Panhandle,Rural,2025,Small cell attach fees,5454.1,73.04
SITE-10197,AL Panhandle,Rural,2025,NOC / dispatch (allocated),6675.23,73.04
SITE-10197,AL Panhandle,Rural,2025,Spares & logistics,5196.3,73.04
SITE-10198,North MS,Urban,2025,Tower / Collocation,20676.66,64.41
SITE-10198,North MS,Urban,2025,MW transport — 3rd party,13675.92,64.41
SITE-10198,North MS,Urban,2025,Fiber backhaul circuit,10202.28,64.41
SITE-10198,North MS,Urban,2025,Field workforce (contract),15798.85,64.41
SITE-10198,North MS,Urban,2025,OEM RAN maint.,10883.62,64.41
SITE-10198,North MS,Urban,2025,Power & gen fuel,4768.36,64.41
SITE-10198,North MS,Urban,2025,Small cell attach fees,4513.86,64.41
SITE-10198,North MS,Urban,2025,NOC / dispatch (allocated),6201.53,64.41
SITE-10198,North MS,Urban,2025,Spares & logistics,4045.86,64.41
SITE-10199,Rural West,Suburban,2025,Tower / Collocation,21641.63,92.57
SITE-10199,Rural West,Suburban,2025,MW transport — 3rd party,14648.78,92.57
SITE-10199,Rural West,Suburban,2025,Fiber backhaul circuit,10149.68,92.57
SITE-10199,Rural West,Suburban,2025,Field workforce (contract),14808.26,92.57
SITE-10199,Rural West,Suburban,2025,OEM RAN maint.,10582.32,92.57
SITE-10199,Rural West,Suburban,2025,Power & gen fuel,5286.44,92.57
SITE-10199,Rural West,Suburban,2025,Small cell attach fees,3939.36,92.57
SITE-10199,Rural West,Suburban,2025,NOC / dispatch (allocated),5478.62,92.57
SITE-10199,Rural West,Suburban,2025,Spares & logistics,4406.06,92.57
SITE-10200,South MS,Rural,2025,Tower / Collocation,25322.53,68.65
SITE-10200,South MS,Rural,2025,MW transport — 3rd party,17264.2,68.65
SITE-10200,South MS,Rural,2025,Fiber backhaul circuit,12333.57,68.65
SITE-10200,South MS,Rural,2025,Field workforce (contract),21395.08,68.65
SITE-10200,South MS,Rural,2025,OEM RAN maint.,13690.71,68.65
SITE-10200,South MS,Rural,2025,Power & gen fuel,6277.07,68.65
SITE-10200,South MS,Rural,2025,Small cell attach fees,5478.05,68.65
SITE-10200,South MS,Rural,2025,NOC / dispatch (allocated),7781.04,68.65
SITE-10200,South MS,Rural,2025,Spares & logistics,4802.88,68.65
SITE-10201,TN Border,Suburban,2025,Tower / Collocation,20448.45,23.72
SITE-10201,TN Border,Suburban,2025,MW transport — 3rd party,13904.77,23.72
SITE-10201,TN Border,Suburban,2025,Fiber backhaul circuit,9926.68,23.72
SITE-10201,TN Border,Suburban,2025,Field workforce (contract),15946.46,23.72
SITE-10201,TN Border,Suburban,2025,OEM RAN maint.,11417.22,23.72
SITE-10201,TN Border,Suburban,2025,Power & gen fuel,5442.1,23.72
SITE-10201,TN Border,Suburban,2025,Small cell attach fees,3932.16,23.72
SITE-10201,TN Border,Suburban,2025,NOC / dispatch (allocated),5537.76,23.72
SITE-10201,TN Border,Suburban,2025,Spares & logistics,4184.23,23.72
SITE-10202,South MS,Urban,2025,Tower / Collocation,19968.71,93.78
SITE-10202,South MS,Urban,2025,MW transport — 3rd party,13698.98,93.78
SITE-10202,South MS,Urban,2025,Fiber backhaul circuit,10595.39,93.78
SITE-10202,South MS,Urban,2025,Field workforce (contract),15295.1,93.78
SITE-10202,South MS,Urban,2025,OEM RAN maint.,11571.03,93.78
SITE-10202,South MS,Urban,2025,Power & gen fuel,4999.42,93.78
SITE-10202,South MS,Urban,2025,Small cell attach fees,4472.2,93.78
SITE-10202,South MS,Urban,2025,NOC / dispatch (allocated),5605.93,93.78
SITE-10202,South MS,Urban,2025,Spares & logistics,4201.31,93.78
SITE-10203,South MS,Suburban,2025,Tower / Collocation,20506.93,83.54
SITE-10203,South MS,Suburban,2025,MW transport — 3rd party,14550.26,83.54
SITE-10203,South MS,Suburban,2025,Fiber backhaul circuit,9750.09,83.54
SITE-10203,South MS,Suburban,2025,Field workforce (contract),14492.94,83.54
SITE-10203,South MS,Suburban,2025,OEM RAN maint.,10636.45,83.54
SITE-10203,South MS,Suburban,2025,Power & gen fuel,5285.95,83.54
SITE-10203,South MS,Suburban,2025,Small cell attach fees,4105.88,83.54
SITE-10203,South MS,Suburban,2025,NOC / dispatch (allocated),6163.01,83.54
SITE-10203,South MS,Suburban,2025,Spares & logistics,3955.15,83.54
SITE-10204,TN Border,Rural,2025,Tower / Collocation,23445.33,22.03
SITE-10204,TN Border,Rural,2025,MW transport — 3rd party,16204.13,22.03
SITE-10204,TN Border,Rural,2025,Fiber backhaul circuit,13407.59,22.03
SITE-10204,TN Border,Rural,2025,Field workforce (contract),20415.98,22.03
SITE-10204,TN Border,Rural,2025,OEM RAN maint.,13950.12,22.03
SITE-10204,TN Border,Rural,2025,Power & gen fuel,6107.07,22.03
SITE-10204,TN Border,Rural,2025,Small cell attach fees,5393.51,22.03
SITE-10204,TN Border,Rural,2025,NOC / dispatch (allocated),7197.19,22.03
SITE-10204,TN Border,Rural,2025,Spares & logistics,5150.54,22.03
SITE-10205,Rural West,Rural,2025,Tower / Collocation,26722.08,29.49
SITE-10205,Rural West,Rural,2025,MW transport — 3rd party,16191.46,29.49
SITE-10205,Rural West,Rural,2025,Fiber backhaul circuit,12644.22,29.49
SITE-10205,Rural West,Rural,2025,Field workforce (contract),22638.93,29.49
SITE-10205,Rural West,Rural,2025,OEM RAN maint.,14209.13,29.49
SITE-10205,Rural West,Rural,2025,Power & gen fuel,6363.14,29.49
SITE-10205,Rural West,Rural,2025,Small cell attach fees,4954.97,29.49
SITE-10205,Rural West,Rural,2025,NOC / dispatch (allocated),7116.07,29.49
SITE-10205,Rural West,Rural,2025,Spares & logistics,5040.06,29.49
SITE-10206,South MS,Suburban,2025,Tower / Collocation,20292.16,36.44
SITE-10206,South MS,Suburban,2025,MW transport — 3rd party,13820.43,36.44
SITE-10206,South MS,Suburban,2025,Fiber backhaul circuit,10245.88,36.44
SITE-10206,South MS,Suburban,2025,Field workforce (contract),14443.06,36.44
SITE-10206,South MS,Suburban,2025,OEM RAN maint.,12104.15,36.44
SITE-10206,South MS,Suburban,2025,Power & gen fuel,5183.33,36.44
SITE-10206,South MS,Suburban,2025,Small cell attach fees,4000.97,36.44
SITE-10206,South MS,Suburban,2025,NOC / dispatch (allocated),6134.55,36.44
SITE-10206,South MS,Suburban,2025,Spares & logistics,4486.41,36.44
SITE-10207,AL Panhandle,Urban,2025,Tower / Collocation,19297.36,21.1
SITE-10207,AL Panhandle,Urban,2025,MW transport — 3rd party,13351.52,21.1
SITE-10207,AL Panhandle,Urban,2025,Fiber backhaul circuit,10911.41,21.1
SITE-10207,AL Panhandle,Urban,2025,Field workforce (contract),16492.63,21.1
SITE-10207,AL Panhandle,Urban,2025,OEM RAN maint.,10592.11,21.1
SITE-10207,AL Panhandle,Urban,2025,Power & gen fuel,5302.43,21.1
SITE-10207,AL Panhandle,Urban,2025,Small cell attach fees,3958.87,21.1
SITE-10207,AL Panhandle,Urban,2025,NOC / dispatch (allocated),6037.71,21.1
SITE-10207,AL Panhandle,Urban,2025,Spares & logistics,4424.13,21.1
SITE-10208,AL Panhandle,Suburban,2025,Tower / Collocation,22590.18,59.78
SITE-10208,AL Panhandle,Suburban,2025,MW transport — 3rd party,13836.01,59.78
SITE-10208,AL Panhandle,Suburban,2025,Fiber backhaul circuit,9951.74,59.78
SITE-10208,AL Panhandle,Suburban,2025,Field workforce (contract),14379.37,59.78
SITE-10208,AL Panhandle,Suburban,2025,OEM RAN maint.,11525.0,59.78
SITE-10208,AL Panhandle,Suburban,2025,Power & gen fuel,5178.7,59.78
SITE-10208,AL Panhandle,Suburban,2025,Small cell attach fees,4448.74,59.78
SITE-10208,AL Panhandle,Suburban,2025,NOC / dispatch (allocated),6190.93,59.78
SITE-10208,AL Panhandle,Suburban,2025,Spares & logistics,4516.93,59.78
SITE-10209,North MS,Rural,2025,Tower / Collocation,25606.1,41.32
SITE-10209,North MS,Rural,2025,MW transport — 3rd party,16877.05,41.32
SITE-10209,North MS,Rural,2025,Fiber backhaul circuit,12344.01,41.32
SITE-10209,North MS,Rural,2025,Field workforce (contract),22794.52,41.32
SITE-10209,North MS,Rural,2025,OEM RAN maint.,14246.08,41.32
SITE-10209,North MS,Rural,2025,Power & gen fuel,6649.28,41.32
SITE-10209,North MS,Rural,2025,Small cell attach fees,5081.54,41.32
SITE-10209,North MS,Rural,2025,NOC / dispatch (allocated),7253.19,41.32
SITE-10209,North MS,Rural,2025,Spares & logistics,5139.38,41.32
SITE-10210,South MS,Urban,2025,Tower / Collocation,19494.25,53.9
SITE-10210,South MS,Urban,2025,MW transport — 3rd party,15387.93,53.9
SITE-10210,South MS,Urban,2025,Fiber backhaul circuit,9841.74,53.9
SITE-10210,South MS,Urban,2025,Field workforce (contract),14560.66,53.9
SITE-10210,South MS,Urban,2025,OEM RAN maint.,11908.96,53.9
SITE-10210,South MS,Urban,2025,Power & gen fuel,4771.1,53.9
SITE-10210,South MS,Urban,2025,Small cell attach fees,4522.19,53.9
SITE-10210,South MS,Urban,2025,NOC / dispatch (allocated),6164.87,53.9
SITE-10210,South MS,Urban,2025,Spares & logistics,3956.66,53.9
SITE-10211,South MS,Suburban,2025,Tower / Collocation,21806.39,62.95
SITE-10211,South MS,Suburban,2025,MW transport — 3rd party,15150.11,62.95
SITE-10211,South MS,Suburban,2025,Fiber backhaul circuit,10837.85,62.95
SITE-10211,South MS,Suburban,2025,Field workforce (contract),15510.96,62.95
SITE-10211,South MS,Suburban,2025,OEM RAN maint.,11099.49,62.95
SITE-10211,South MS,Suburban,2025,Power & gen fuel,5260.98,62.95
SITE-10211,South MS,Suburban,2025,Small cell attach fees,4560.74,62.95
SITE-10211,South MS,Suburban,2025,NOC / dispatch (allocated),6033.32,62.95
SITE-10211,South MS,Suburban,2025,Spares & logistics,4361.75,62.95
SITE-10212,TN Border,Suburban,2025,Tower / Collocation,19805.95,94.8
SITE-10212,TN Border,Suburban,2025,MW transport — 3rd party,13708.86,94.8
SITE-10212,TN Border,Suburban,2025,Fiber backhaul circuit,10538.08,94.8
SITE-10212,TN Border,Suburban,2025,Field workforce (contract),15254.41,94.8
SITE-10212,TN Border,Suburban,2025,OEM RAN maint.,11554.82,94.8
SITE-10212,TN Border,Suburban,2025,Power & gen fuel,4732.04,94.8
SITE-10212,TN Border,Suburban,2025,Small cell attach fees,4184.91,94.8
SITE-10212,TN Border,Suburban,2025,NOC / dispatch (allocated),6029.0,94.8
SITE-10212,TN Border,Suburban,2025,Spares & logistics,4307.93,94.8
SITE-10213,TN Border,Suburban,2025,Tower / Collocation,21418.33,70.66
SITE-10213,TN Border,Suburban,2025,MW transport — 3rd party,15062.69,70.66
SITE-10213,TN Border,Suburban,2025,Fiber backhaul circuit,10681.04,70.66
SITE-10213,TN Border,Suburban,2025,Field workforce (contract),15391.82,70.66
SITE-10213,TN Border,Suburban,2025,OEM RAN maint.,11618.11,70.66
SITE-10213,TN Border,Suburban,2025,Power & gen fuel,4774.57,70.66
SITE-10213,TN Border,Suburban,2025,Small cell attach fees,4095.75,70.66
SITE-10213,TN Border,Suburban,2025,NOC / dispatch (allocated),5976.08,70.66
SITE-10213,TN Border,Suburban,2025,Spares & logistics,4503.63,70.66
SITE-10214,South MS,Suburban,2025,Tower / Collocation,20011.53,59.53
SITE-10214,South MS,Suburban,2025,MW transport — 3rd party,14933.2,59.53
SITE-10214,South MS,Suburban,2025,Fiber backhaul circuit,11020.63,59.53
SITE-10214,South MS,Suburban,2025,Field workforce (contract),15528.78,59.53
SITE-10214,South MS,Suburban,2025,OEM RAN maint.,11591.0,59.53
SITE-10214,South MS,Suburban,2025,Power & gen fuel,4968.29,59.53
SITE-10214,South MS,Suburban,2025,Small cell attach fees,4213.45,59.53
SITE-10214,South MS,Suburban,2025,NOC / dispatch (allocated),6296.63,59.53
SITE-10214,South MS,Suburban,2025,Spares & logistics,4401.86,59.53
SITE-10215,North MS,Suburban,2025,Tower / Collocation,19437.3,40.04
SITE-10215,North MS,Suburban,2025,MW transport — 3rd party,13572.06,40.04
SITE-10215,North MS,Suburban,2025,Fiber backhaul circuit,9957.66,40.04
SITE-10215,North MS,Suburban,2025,Field workforce (contract),14990.04,40.04
SITE-10215,North MS,Suburban,2025,OEM RAN maint.,12235.82,40.04
SITE-10215,North MS,Suburban,2025,Power & gen fuel,5104.21,40.04
SITE-10215,North MS,Suburban,2025,Small cell attach fees,4069.69,40.04
SITE-10215,North MS,Suburban,2025,NOC / dispatch (allocated),5574.67,40.04
SITE-10215,North MS,Suburban,2025,Spares & logistics,4140.05,40.04
SITE-10216,Rural West,Rural,2025,Tower / Collocation,26608.39,105.29
SITE-10216,Rural West,Rural,2025,MW transport — 3rd party,16356.31,105.29
SITE-10216,Rural West,Rural,2025,Fiber backhaul circuit,12910.22,105.29
SITE-10216,Rural West,Rural,2025,Field workforce (contract),22887.14,105.29
SITE-10216,Rural West,Rural,2025,OEM RAN maint.,13626.44,105.29
SITE-10216,Rural West,Rural,2025,Power & gen fuel,5735.97,105.29
SITE-10216,Rural West,Rural,2025,Small cell attach fees,5498.8,105.29
SITE-10216,Rural West,Rural,2025,NOC / dispatch (allocated),7652.6,105.29
SITE-10216,Rural West,Rural,2025,Spares & logistics,5168.24,105.29
SITE-10217,South MS,Suburban,2025,Tower / Collocation,22014.49,26.42
SITE-10217,South MS,Suburban,2025,MW transport — 3rd party,14391.02,26.42
SITE-10217,South MS,Suburban,2025,Fiber backhaul circuit,9691.0,26.42
SITE-10217,South MS,Suburban,2025,Field workforce (contract),15748.02,26.42
SITE-10217,South MS,Suburban,2025,OEM RAN maint.,12247.44,26.42
SITE-10217,South MS,Suburban,2025,Power & gen fuel,5368.59,26.42
SITE-10217,South MS,Suburban,2025,Small cell attach fees,4098.49,26.42
SITE-10217,South MS,Suburban,2025,NOC / dispatch (allocated),5524.77,26.42
SITE-10217,South MS,Suburban,2025,Spares & logistics,4549.44,26.42
SITE-10218,North MS,Rural,2025,Tower / Collocation,25227.33,89.43
SITE-10218,North MS,Rural,2025,MW transport — 3rd party,17218.51,89.43
SITE-10218,North MS,Rural,2025,Fiber backhaul circuit,11916.95,89.43
SITE-10218,North MS,Rural,2025,Field workforce (contract),19945.38,89.43
SITE-10218,North MS,Rural,2025,OEM RAN maint.,13251.23,89.43
SITE-10218,North MS,Rural,2025,Power & gen fuel,6512.87,89.43
SITE-10218,North MS,Rural,2025,Small cell attach fees,4858.17,89.43
SITE-10218,North MS,Rural,2025,NOC / dispatch (allocated),6894.72,89.43
SITE-10218,North MS,Rural,2025,Spares & logistics,5190.06,89.43
SITE-10219,AL Panhandle,Urban,2025,Tower / Collocation,21156.18,22.2
SITE-10219,AL Panhandle,Urban,2025,MW transport — 3rd party,14090.45,22.2
SITE-10219,AL Panhandle,Urban,2025,Fiber backhaul circuit,10683.38,22.2
SITE-10219,AL Panhandle,Urban,2025,Field workforce (contract),16309.08,22.2
SITE-10219,AL Panhandle,Urban,2025,OEM RAN maint.,10786.07,22.2
SITE-10219,AL Panhandle,Urban,2025,Power & gen fuel,5437.36,22.2
SITE-10219,AL Panhandle,Urban,2025,Small cell attach fees,4523.69,22.2
SITE-10219,AL Panhandle,Urban,2025,NOC / dispatch (allocated),6263.29,22.2
SITE-10219,AL Panhandle,Urban,2025,Spares & logistics,4339.27,22.2
SITE-10220,TN Border,Suburban,2025,Tower / Collocation,19323.71,68.07
SITE-10220,TN Border,Suburban,2025,MW transport — 3rd party,15449.26,68.07
SITE-10220,TN Border,Suburban,2025,Fiber backhaul circuit,10615.43,68.07
SITE-10220,TN Border,Suburban,2025,Field workforce (contract),15989.03,68.07
SITE-10220,TN Border,Suburban,2025,OEM RAN maint.,11199.69,68.07
SITE-10220,TN Border,Suburban,2025,Power & gen fuel,4702.12,68.07
SITE-10220,TN Border,Suburban,2025,Small cell attach fees,4256.62,68.07
SITE-10220,TN Border,Suburban,2025,NOC / dispatch (allocated),5956.84,68.07
SITE-10220,TN Border,Suburban,2025,Spares & logistics,4207.15,68.07
SITE-10221,TN Border,Suburban,2025,Tower / Collocation,21036.3,29.73
SITE-10221,TN Border,Suburban,2025,MW transport — 3rd party,14107.0,29.73
SITE-10221,TN Border,Suburban,2025,Fiber backhaul circuit,11259.38,29.73
SITE-10221,TN Border,Suburban,2025,Field workforce (contract),14499.33,29.73
SITE-10221,TN Border,Suburban,2025,OEM RAN maint.,11094.38,29.73
SITE-10221,TN Border,Suburban,2025,Power & gen fuel,4931.87,29.73
SITE-10221,TN Border,Suburban,2025,Small cell attach fees,4279.45,29.73
SITE-10221,TN Border,Suburban,2025,NOC / dispatch (allocated),5949.31,29.73
SITE-10221,TN Border,Suburban,2025,Spares & logistics,4347.74,29.73
SITE-10222,South MS,Rural,2025,Tower / Collocation,23450.54,95.58
SITE-10222,South MS,Rural,2025,MW transport — 3rd party,16779.31,95.58
SITE-10222,South MS,Rural,2025,Fiber backhaul circuit,12615.94,95.58
SITE-10222,South MS,Rural,2025,Field workforce (contract),19721.05,95.58
SITE-10222,South MS,Rural,2025,OEM RAN maint.,14103.83,95.58
SITE-10222,South MS,Rural,2025,Power & gen fuel,6356.31,95.58
SITE-10222,South MS,Rural,2025,Small cell attach fees,5353.31,95.58
SITE-10222,South MS,Rural,2025,NOC / dispatch (allocated),7229.12,95.58
SITE-10222,South MS,Rural,2025,Spares & logistics,5235.65,95.58
SITE-10223,South MS,Suburban,2025,Tower / Collocation,19603.42,11.59
SITE-10223,South MS,Suburban,2025,MW transport — 3rd party,14751.21,11.59
SITE-10223,South MS,Suburban,2025,Fiber backhaul circuit,11302.31,11.59
SITE-10223,South MS,Suburban,2025,Field workforce (contract),14114.69,11.59
SITE-10223,South MS,Suburban,2025,OEM RAN maint.,11529.25,11.59
SITE-10223,South MS,Suburban,2025,Power & gen fuel,5304.82,11.59
SITE-10223,South MS,Suburban,2025,Small cell attach fees,4472.21,11.59
SITE-10223,South MS,Suburban,2025,NOC / dispatch (allocated),5993.04,11.59
SITE-10223,South MS,Suburban,2025,Spares & logistics,4331.54,11.59
SITE-10224,Rural West,Suburban,2025,Tower / Collocation,22372.15,18.64
SITE-10224,Rural West,Suburban,2025,MW transport — 3rd party,13302.62,18.64
SITE-10224,Rural West,Suburban,2025,Fiber backhaul circuit,11035.31,18.64
SITE-10224,Rural West,Suburban,2025,Field workforce (contract),14263.86,18.64
SITE-10224,Rural West,Suburban,2025,OEM RAN maint.,10865.83,18.64
SITE-10224,Rural West,Suburban,2025,Power & gen fuel,4695.18,18.64
SITE-10224,Rural West,Suburban,2025,Small cell attach fees,4212.77,18.64
SITE-10224,Rural West,Suburban,2025,NOC / dispatch (allocated),5792.31,18.64
SITE-10224,Rural West,Suburban,2025,Spares & logistics,4022.88,18.64
SITE-10225,Rural West,Suburban,2025,Tower / Collocation,21840.94,43.01
SITE-10225,Rural West,Suburban,2025,MW transport — 3rd party,15299.65,43.01
SITE-10225,Rural West,Suburban,2025,Fiber backhaul circuit,10727.63,43.01
SITE-10225,Rural West,Suburban,2025,Field workforce (contract),14380.56,43.01
SITE-10225,Rural West,Suburban,2025,OEM RAN maint.,11050.01,43.01
SITE-10225,Rural West,Suburban,2025,Power & gen fuel,5437.27,43.01
SITE-10225,Rural West,Suburban,2025,Small cell attach fees,3970.34,43.01
SITE-10225,Rural West,Suburban,2025,NOC / dispatch (allocated),5861.33,43.01
SITE-10225,Rural West,Suburban,2025,Spares & logistics,4550.9,43.01
SITE-10226,AL Panhandle,Rural,2025,Tower / Collocation,25203.56,92.49
SITE-10226,AL Panhandle,Rural,2025,MW transport — 3rd party,18149.79,92.49
SITE-10226,AL Panhandle,Rural,2025,Fiber backhaul circuit,11738.55,92.49
SITE-10226,AL Panhandle,Rural,2025,Field workforce (contract),20107.09,92.49
SITE-10226,AL Panhandle,Rural,2025,OEM RAN maint.,14096.14,92.49
SITE-10226,AL Panhandle,Rural,2025,Power & gen fuel,5915.55,92.49
SITE-10226,AL Panhandle,Rural,2025,Small cell attach fees,5286.83,92.49
SITE-10226,AL Panhandle,Rural,2025,NOC / dispatch (allocated),7038.37,92.49
SITE-10226,AL Panhandle,Rural,2025,Spares & logistics,5468.6,92.49
SITE-10227,AL Panhandle,Rural,2025,Tower / Collocation,26487.34,71.23
SITE-10227,AL Panhandle,Rural,2025,MW transport — 3rd party,16803.73,71.23
SITE-10227,AL Panhandle,Rural,2025,Fiber backhaul circuit,12677.95,71.23
SITE-10227,AL Panhandle,Rural,2025,Field workforce (contract),20289.0,71.23
SITE-10227,AL Panhandle,Rural,2025,OEM RAN maint.,14642.53,71.23
SITE-10227,AL Panhandle,Rural,2025,Power & gen fuel,6499.45,71.23
SITE-10227,AL Panhandle,Rural,2025,Small cell attach fees,5481.37,71.23
SITE-10227,AL Panhandle,Rural,2025,NOC / dispatch (allocated),7645.46,71.23
SITE-10227,AL Panhandle,Rural,2025,Spares & logistics,5528.71,71.23
SITE-10228,AL Panhandle,Urban,2025,Tower / Collocation,20684.28,57.7
SITE-10228,AL Panhandle,Urban,2025,MW transport — 3rd party,14533.29,57.7
SITE-10228,AL Panhandle,Urban,2025,Fiber backhaul circuit,10208.28,57.7
SITE-10228,AL Panhandle,Urban,2025,Field workforce (contract),14782.38,57.7
SITE-10228,AL Panhandle,Urban,2025,OEM RAN maint.,10951.16,57.7
SITE-10228,AL Panhandle,Urban,2025,Power & gen fuel,4759.26,57.7
SITE-10228,AL Panhandle,Urban,2025,Small cell attach fees,4247.66,57.7
SITE-10228,AL Panhandle,Urban,2025,NOC / dispatch (allocated),6319.15,57.7
SITE-10228,AL Panhandle,Urban,2025,Spares & logistics,4338.5,57.7
SITE-10229,Rural West,Suburban,2025,Tower / Collocation,20824.71,45.29
SITE-10229,Rural West,Suburban,2025,MW transport — 3rd party,13724.68,45.29
SITE-10229,Rural West,Suburban,2025,Fiber backhaul circuit,11013.09,45.29
SITE-10229,Rural West,Suburban,2025,Field workforce (contract),14561.64,45.29
SITE-10229,Rural West,Suburban,2025,OEM RAN maint.,11819.95,45.29
SITE-10229,Rural West,Suburban,2025,Power & gen fuel,5312.15,45.29
SITE-10229,Rural West,Suburban,2025,Small cell attach fees,4300.91,45.29
SITE-10229,Rural West,Suburban,2025,NOC / dispatch (allocated),6295.51,45.29
SITE-10229,Rural West,Suburban,2025,Spares & logistics,4107.91,45.29
SITE-10230,South MS,Rural,2025,Tower / Collocation,26047.5,108.49
SITE-10230,South MS,Rural,2025,MW transport — 3rd party,18409.0,108.49
SITE-10230,South MS,Rural,2025,Fiber backhaul circuit,13690.76,108.49
SITE-10230,South MS,Rural,2025,Field workforce (contract),21048.65,108.49
SITE-10230,South MS,Rural,2025,OEM RAN maint.,14538.5,108.49
SITE-10230,South MS,Rural,2025,Power & gen fuel,6421.84,108.49
SITE-10230,South MS,Rural,2025,Small cell attach fees,5111.17,108.49
SITE-10230,South MS,Rural,2025,NOC / dispatch (allocated),7702.53,108.49
SITE-10230,South MS,Rural,2025,Spares & logistics,5063.01,108.49
SITE-10231,TN Border,Suburban,2025,Tower / Collocation,20025.06,17.22
SITE-10231,TN Border,Suburban,2025,MW transport — 3rd party,15178.89,17.22
SITE-10231,TN Border,Suburban,2025,Fiber backhaul circuit,10298.67,17.22
SITE-10231,TN Border,Suburban,2025,Field workforce (contract),15040.72,17.22
SITE-10231,TN Border,Suburban,2025,OEM RAN maint.,10959.69,17.22
SITE-10231,TN Border,Suburban,2025,Power & gen fuel,5093.15,17.22
SITE-10231,TN Border,Suburban,2025,Small cell attach fees,4457.96,17.22
SITE-10231,TN Border,Suburban,2025,NOC / dispatch (allocated),6326.2,17.22
SITE-10231,TN Border,Suburban,2025,Spares & logistics,3957.68,17.22
SITE-10232,South MS,Suburban,2025,Tower / Collocation,20767.32,61.44
SITE-10232,South MS,Suburban,2025,MW transport — 3rd party,14160.81,61.44
SITE-10232,South MS,Suburban,2025,Fiber backhaul circuit,10424.89,61.44
SITE-10232,South MS,Suburban,2025,Field workforce (contract),15500.73,61.44
SITE-10232,South MS,Suburban,2025,OEM RAN maint.,11425.8,61.44
SITE-10232,South MS,Suburban,2025,Power & gen fuel,5077.27,61.44
SITE-10232,South MS,Suburban,2025,Small cell attach fees,4466.13,61.44
SITE-10232,South MS,Suburban,2025,NOC / dispatch (allocated),6183.86,61.44
SITE-10232,South MS,Suburban,2025,Spares & logistics,4142.14,61.44
SITE-10233,AL Panhandle,Rural,2025,Tower / Collocation,23972.15,115.17
SITE-10233,AL Panhandle,Rural,2025,MW transport — 3rd party,17673.18,115.17
SITE-10233,AL Panhandle,Rural,2025,Fiber backhaul circuit,12253.71,115.17
SITE-10233,AL Panhandle,Rural,2025,Field workforce (contract),22136.9,115.17
SITE-10233,AL Panhandle,Rural,2025,OEM RAN maint.,13264.63,115.17
SITE-10233,AL Panhandle,Rural,2025,Power & gen fuel,6349.48,115.17
SITE-10233,AL Panhandle,Rural,2025,Small cell attach fees,4948.22,115.17
SITE-10233,AL Panhandle,Rural,2025,NOC / dispatch (allocated),7222.86,115.17
SITE-10233,AL Panhandle,Rural,2025,Spares & logistics,5519.68,115.17
SITE-10234,North MS,Suburban,2025,Tower / Collocation,22200.14,93.86
SITE-10234,North MS,Suburban,2025,MW transport — 3rd party,13624.7,93.86
SITE-10234,North MS,Suburban,2025,Fiber backhaul circuit,11007.59,93.86
SITE-10234,North MS,Suburban,2025,Field workforce (contract),14154.7,93.86
SITE-10234,North MS,Suburban,2025,OEM RAN maint.,11228.97,93.86
SITE-10234,North MS,Suburban,2025,Power & gen fuel,5402.52,93.86
SITE-10234,North MS,Suburban,2025,Small cell attach fees,4378.35,93.86
SITE-10234,North MS,Suburban,2025,NOC / dispatch (allocated),5981.17,93.86
SITE-10234,North MS,Suburban,2025,Spares & logistics,4173.75,93.86
SITE-10235,Rural West,Rural,2025,Tower / Collocation,25250.9,97.62
SITE-10235,Rural West,Rural,2025,MW transport — 3rd party,18537.77,97.62
SITE-10235,Rural West,Rural,2025,Fiber backhaul circuit,12141.3,97.62
SITE-10235,Rural West,Rural,2025,Field workforce (contract),20196.59,97.62
SITE-10235,Rural West,Rural,2025,OEM RAN maint.,14159.5,97.62
SITE-10235,Rural West,Rural,2025,Power & gen fuel,6646.71,97.62
SITE-10235,Rural West,Rural,2025,Small cell attach fees,4941.74,97.62
SITE-10235,Rural West,Rural,2025,NOC / dispatch (allocated),6921.22,97.62
SITE-10235,Rural West,Rural,2025,Spares & logistics,4852.95,97.62
SITE-10236,Rural West,Rural,2025,Tower / Collocation,27372.47,72.49
SITE-10236,Rural West,Rural,2025,MW transport — 3rd party,16080.92,72.49
SITE-10236,Rural West,Rural,2025,Fiber backhaul circuit,12804.29,72.49
SITE-10236,Rural West,Rural,2025,Field workforce (contract),21362.92,72.49
SITE-10236,Rural West,Rural,2025,OEM RAN maint.,14524.17,72.49
SITE-10236,Rural West,Rural,2025,Power & gen fuel,6036.9,72.49
SITE-10236,Rural West,Rural,2025,Small cell attach fees,5076.12,72.49
SITE-10236,Rural West,Rural,2025,NOC / dispatch (allocated),6826.93,72.49
SITE-10236,Rural West,Rural,2025,Spares & logistics,5348.43,72.49
SITE-10237,South MS,Rural,2025,Tower / Collocation,24946.56,27.85
SITE-10237,South MS,Rural,2025,MW transport — 3rd party,18538.95,27.85
SITE-10237,South MS,Rural,2025,Fiber backhaul circuit,11679.93,27.85
SITE-10237,South MS,Rural,2025,Field workforce (contract),20634.49,27.85
SITE-10237,South MS,Rural,2025,OEM RAN maint.,13965.11,27.85
SITE-10237,South MS,Rural,2025,Power & gen fuel,6015.95,27.85
SITE-10237,South MS,Rural,2025,Small cell attach fees,4962.17,27.85
SITE-10237,South MS,Rural,2025,NOC / dispatch (allocated),7163.9,27.85
SITE-10237,South MS,Rural,2025,Spares & logistics,4887.58,27.85
SITE-10238,South MS,Suburban,2025,Tower / Collocation,19580.49,58.05
SITE-10238,South MS,Suburban,2025,MW transport — 3rd party,15187.44,58.05
SITE-10238,South MS,Suburban,2025,Fiber backhaul circuit,9927.42,58.05
SITE-10238,South MS,Suburban,2025,Field workforce (contract),15948.26,58.05
SITE-10238,South MS,Suburban,2025,OEM RAN maint.,11169.14,58.05
SITE-10238,South MS,Suburban,2025,Power & gen fuel,5330.73,58.05
SITE-10238,South MS,Suburban,2025,Small cell attach fees,4050.27,58.05
SITE-10238,South MS,Suburban,2025,NOC / dispatch (allocated),5651.7,58.05
SITE-10238,South MS,Suburban,2025,Spares & logistics,4247.98,58.05
SITE-10239,TN Border,Urban,2025,Tower / Collocation,21694.67,27.6
SITE-10239,TN Border,Urban,2025,MW transport — 3rd party,15171.26,27.6
SITE-10239,TN Border,Urban,2025,Fiber backhaul circuit,9769.6,27.6
SITE-10239,TN Border,Urban,2025,Field workforce (contract),16235.33,27.6
SITE-10239,TN Border,Urban,2025,OEM RAN maint.,11967.81,27.6
SITE-10239,TN Border,Urban,2025,Power & gen fuel,5401.66,27.6
SITE-10239,TN Border,Urban,2025,Small cell attach fees,4384.93,27.6
SITE-10239,TN Border,Urban,2025,NOC / dispatch (allocated),6115.79,27.6
SITE-10239,TN Border,Urban,2025,Spares & logistics,4267.06,27.6
SITE-10240,TN Border,Suburban,2025,Tower / Collocation,20326.62,16.75
SITE-10240,TN Border,Suburban,2025,MW transport — 3rd party,13409.57,16.75
SITE-10240,TN Border,Suburban,2025,Fiber backhaul circuit,11217.28,16.75
SITE-10240,TN Border,Suburban,2025,Field workforce (contract),15166.01,16.75
SITE-10240,TN Border,Suburban,2025,OEM RAN maint.,11744.5,16.75
SITE-10240,TN Border,Suburban,2025,Power & gen fuel,5378.35,16.75
SITE-10240,TN Border,Suburban,2025,Small cell attach fees,4583.88,16.75
SITE-10240,TN Border,Suburban,2025,NOC / dispatch (allocated),5628.02,16.75
SITE-10240,TN Border,Suburban,2025,Spares & logistics,4453.67,16.75
SITE-10241,Rural West,Rural,2025,Tower / Collocation,26410.98,17.15
SITE-10241,Rural West,Rural,2025,MW transport — 3rd party,17037.0,17.15
SITE-10241,Rural West,Rural,2025,Fiber backhaul circuit,12991.3,17.15
SITE-10241,Rural West,Rural,2025,Field workforce (contract),21368.92,17.15
SITE-10241,Rural West,Rural,2025,OEM RAN maint.,13311.05,17.15
SITE-10241,Rural West,Rural,2025,Power & gen fuel,5819.31,17.15
SITE-10241,Rural West,Rural,2025,Small cell attach fees,4834.36,17.15
SITE-10241,Rural West,Rural,2025,NOC / dispatch (allocated),6752.39,17.15
SITE-10241,Rural West,Rural,2025,Spares & logistics,5263.54,17.15
SITE-10242,South MS,Suburban,2025,Tower / Collocation,21570.14,68.19
SITE-10242,South MS,Suburban,2025,MW transport — 3rd party,14484.45,68.19
SITE-10242,South MS,Suburban,2025,Fiber backhaul circuit,11200.78,68.19
SITE-10242,South MS,Suburban,2025,Field workforce (contract),15019.49,68.19
SITE-10242,South MS,Suburban,2025,OEM RAN maint.,12037.9,68.19
SITE-10242,South MS,Suburban,2025,Power & gen fuel,4753.31,68.19
SITE-10242,South MS,Suburban,2025,Small cell attach fees,4413.09,68.19
SITE-10242,South MS,Suburban,2025,NOC / dispatch (allocated),6415.0,68.19
SITE-10242,South MS,Suburban,2025,Spares & logistics,4485.69,68.19
SITE-10243,South MS,Suburban,2025,Tower / Collocation,20452.37,62.53
SITE-10243,South MS,Suburban,2025,MW transport — 3rd party,14807.61,62.53
SITE-10243,South MS,Suburban,2025,Fiber backhaul circuit,10925.05,62.53
SITE-10243,South MS,Suburban,2025,Field workforce (contract),16519.66,62.53
SITE-10243,South MS,Suburban,2025,OEM RAN maint.,11410.22,62.53
SITE-10243,South MS,Suburban,2025,Power & gen fuel,4742.02,62.53
SITE-10243,South MS,Suburban,2025,Small cell attach fees,4315.18,62.53
SITE-10243,South MS,Suburban,2025,NOC / dispatch (allocated),5587.31,62.53
SITE-10243,South MS,Suburban,2025,Spares & logistics,4076.44,62.53
SITE-10244,AL Panhandle,Suburban,2025,Tower / Collocation,19823.92,23.99
SITE-10244,AL Panhandle,Suburban,2025,MW transport — 3rd party,13346.26,23.99
SITE-10244,AL Panhandle,Suburban,2025,Fiber backhaul circuit,11097.37,23.99
SITE-10244,AL Panhandle,Suburban,2025,Field workforce (contract),15773.7,23.99
SITE-10244,AL Panhandle,Suburban,2025,OEM RAN maint.,10583.1,23.99
SITE-10244,AL Panhandle,Suburban,2025,Power & gen fuel,4715.09,23.99
SITE-10244,AL Panhandle,Suburban,2025,Small cell attach fees,4289.9,23.99
SITE-10244,AL Panhandle,Suburban,2025,NOC / dispatch (allocated),5742.97,23.99
SITE-10244,AL Panhandle,Suburban,2025,Spares & logistics,4315.77,23.99
SITE-10245,TN Border,Suburban,2025,Tower / Collocation,20232.94,88.33
SITE-10245,TN Border,Suburban,2025,MW transport — 3rd party,14806.83,88.33
SITE-10245,TN Border,Suburban,2025,Fiber backhaul circuit,9724.81,88.33
SITE-10245,TN Border,Suburban,2025,Field workforce (contract),16415.95,88.33
SITE-10245,TN Border,Suburban,2025,OEM RAN maint.,12302.75,88.33
SITE-10245,TN Border,Suburban,2025,Power & gen fuel,5295.08,88.33
SITE-10245,TN Border,Suburban,2025,Small cell attach fees,4226.34,88.33
SITE-10245,TN Border,Suburban,2025,NOC / dispatch (allocated),5683.43,88.33
SITE-10245,TN Border,Suburban,2025,Spares & logistics,4462.51,88.33
SITE-10246,North MS,Rural,2025,Tower / Collocation,25228.14,66.16
SITE-10246,North MS,Rural,2025,MW transport — 3rd party,18353.38,66.16
SITE-10246,North MS,Rural,2025,Fiber backhaul circuit,13062.87,66.16
SITE-10246,North MS,Rural,2025,Field workforce (contract),21809.4,66.16
SITE-10246,North MS,Rural,2025,OEM RAN maint.,14175.05,66.16
SITE-10246,North MS,Rural,2025,Power & gen fuel,5953.04,66.16
SITE-10246,North MS,Rural,2025,Small cell attach fees,5044.29,66.16
SITE-10246,North MS,Rural,2025,NOC / dispatch (allocated),6685.88,66.16
SITE-10246,North MS,Rural,2025,Spares & logistics,5386.44,66.16
SITE-10247,South MS,Suburban,2025,Tower / Collocation,20090.68,46.13
SITE-10247,South MS,Suburban,2025,MW transport — 3rd party,13725.03,46.13
SITE-10247,South MS,Suburban,2025,Fiber backhaul circuit,10619.15,46.13
SITE-10247,South MS,Suburban,2025,Field workforce (contract),14645.29,46.13
SITE-10247,South MS,Suburban,2025,OEM RAN maint.,10627.44,46.13
SITE-10247,South MS,Suburban,2025,Power & gen fuel,5318.29,46.13
SITE-10247,South MS,Suburban,2025,Small cell attach fees,4166.0,46.13
SITE-10247,South MS,Suburban,2025,NOC / dispatch (allocated),5835.98,46.13
SITE-10247,South MS,Suburban,2025,Spares & logistics,4203.3,46.13
SITE-10248,AL Panhandle,Rural,2025,Tower / Collocation,27164.05,103.53
SITE-10248,AL Panhandle,Rural,2025,MW transport — 3rd party,17891.38,103.53
SITE-10248,AL Panhandle,Rural,2025,Fiber backhaul circuit,12550.89,103.53
SITE-10248,AL Panhandle,Rural,2025,Field workforce (contract),22166.3,103.53
SITE-10248,AL Panhandle,Rural,2025,OEM RAN maint.,13749.95,103.53
SITE-10248,AL Panhandle,Rural,2025,Power & gen fuel,6095.39,103.53
SITE-10248,AL Panhandle,Rural,2025,Small cell attach fees,5170.83,103.53
SITE-10248,AL Panhandle,Rural,2025,NOC / dispatch (allocated),6999.72,103.53
SITE-10248,AL Panhandle,Rural,2025,Spares & logistics,4823.9,103.53
SITE-10249,South MS,Suburban,2025,Tower / Collocation,20643.89,18.78
SITE-10249,South MS,Suburban,2025,MW transport — 3rd party,14525.36,18.78
SITE-10249,South MS,Suburban,2025,Fiber backhaul circuit,11193.67,18.78
SITE-10249,South MS,Suburban,2025,Field workforce (contract),14164.67,18.78
SITE-10249,South MS,Suburban,2025,OEM RAN maint.,11646.01,18.78
SITE-10249,South MS,Suburban,2025,Power & gen fuel,5065.51,18.78
SITE-10249,South MS,Suburban,2025,Small cell attach fees,3923.78,18.78
SITE-10249,South MS,Suburban,2025,NOC / dispatch (allocated),5711.57,18.78
SITE-10249,South MS,Suburban,2025,Spares & logistics,3990.57,18.78
SITE-10250,North MS,Urban,2025,Tower / Collocation,21041.31,42.91
SITE-10250,North MS,Urban,2025,MW transport — 3rd party,13244.98,42.91
SITE-10250,North MS,Urban,2025,Fiber backhaul circuit,9905.46,42.91
SITE-10250,North MS,Urban,2025,Field workforce (contract),14305.05,42.91
SITE-10250,North MS,Urban,2025,OEM RAN maint.,11514.8,42.91
SITE-10250,North MS,Urban,2025,Power & gen fuel,4960.53,42.91
SITE-10250,North MS,Urban,2025,Small cell attach fees,4282.91,42.91
SITE-10250,North MS,Urban,2025,NOC / dispatch (allocated),5685.18,42.91
SITE-10250,North MS,Urban,2025,Spares & logistics,3926.48,42.91
SITE-10251,South MS,Rural,2025,Tower / Collocation,23864.0,24.39
SITE-10251,South MS,Rural,2025,MW transport — 3rd party,16456.02,24.39
SITE-10251,South MS,Rural,2025,Fiber backhaul circuit,13666.75,24.39
SITE-10251,South MS,Rural,2025,Field workforce (contract),21722.38,24.39
SITE-10251,South MS,Rural,2025,OEM RAN maint.,14087.48,24.39
SITE-10251,South MS,Rural,2025,Power & gen fuel,6661.25,24.39
SITE-10251,South MS,Rural,2025,Small cell attach fees,4810.87,24.39
SITE-10251,South MS,Rural,2025,NOC / dispatch (allocated),7757.38,24.39
SITE-10251,South MS,Rural,2025,Spares & logistics,4906.11,24.39
SITE-10252,AL Panhandle,Suburban,2025,Tower / Collocation,22389.11,41.4
SITE-10252,AL Panhandle,Suburban,2025,MW transport — 3rd party,13586.38,41.4
SITE-10252,AL Panhandle,Suburban,2025,Fiber backhaul circuit,11304.85,41.4
SITE-10252,AL Panhandle,Suburban,2025,Field workforce (contract),15004.1,41.4
SITE-10252,AL Panhandle,Suburban,2025,OEM RAN maint.,11695.94,41.4
SITE-10252,AL Panhandle,Suburban,2025,Power & gen fuel,5481.81,41.4
SITE-10252,AL Panhandle,Suburban,2025,Small cell attach fees,3949.17,41.4
SITE-10252,AL Panhandle,Suburban,2025,NOC / dispatch (allocated),6352.57,41.4
SITE-10252,AL Panhandle,Suburban,2025,Spares & logistics,4296.11,41.4
SITE-10253,AL Panhandle,Rural,2025,Tower / Collocation,25514.78,29.37
SITE-10253,AL Panhandle,Rural,2025,MW transport — 3rd party,17926.67,29.37
SITE-10253,AL Panhandle,Rural,2025,Fiber backhaul circuit,12600.77,29.37
SITE-10253,AL Panhandle,Rural,2025,Field workforce (contract),20144.03,29.37
SITE-10253,AL Panhandle,Rural,2025,OEM RAN maint.,13276.45,29.37
SITE-10253,AL Panhandle,Rural,2025,Power & gen fuel,6530.42,29.37
SITE-10253,AL Panhandle,Rural,2025,Small cell attach fees,4766.4,29.37
SITE-10253,AL Panhandle,Rural,2025,NOC / dispatch (allocated),7450.94,29.37
SITE-10253,AL Panhandle,Rural,2025,Spares & logistics,5561.5,29.37
SITE-10254,Rural West,Urban,2025,Tower / Collocation,19469.51,66.65
SITE-10254,Rural West,Urban,2025,MW transport — 3rd party,14601.03,66.65
SITE-10254,Rural West,Urban,2025,Fiber backhaul circuit,10780.3,66.65
SITE-10254,Rural West,Urban,2025,Field workforce (contract),15515.78,66.65
SITE-10254,Rural West,Urban,2025,OEM RAN maint.,11177.58,66.65
SITE-10254,Rural West,Urban,2025,Power & gen fuel,5260.98,66.65
SITE-10254,Rural West,Urban,2025,Small cell attach fees,4314.12,66.65
SITE-10254,Rural West,Urban,2025,NOC / dispatch (allocated),5671.67,66.65
SITE-10254,Rural West,Urban,2025,Spares & logistics,4292.93,66.65
SITE-10255,North MS,Rural,2025,Tower / Collocation,25264.65,92.42
SITE-10255,North MS,Rural,2025,MW transport — 3rd party,16944.51,92.42
SITE-10255,North MS,Rural,2025,Fiber backhaul circuit,11848.81,92.42
SITE-10255,North MS,Rural,2025,Field workforce (contract),20449.83,92.42
SITE-10255,North MS,Rural,2025,OEM RAN maint.,12760.52,92.42
SITE-10255,North MS,Rural,2025,Power & gen fuel,6661.18,92.42
SITE-10255,North MS,Rural,2025,Small cell attach fees,4921.33,92.42
SITE-10255,North MS,Rural,2025,NOC / dispatch (allocated),7573.24,92.42
SITE-10255,North MS,Rural,2025,Spares & logistics,4876.96,92.42
SITE-10256,TN Border,Suburban,2025,Tower / Collocation,21943.79,36.22
SITE-10256,TN Border,Suburban,2025,MW transport — 3rd party,15448.34,36.22
SITE-10256,TN Border,Suburban,2025,Fiber backhaul circuit,11100.81,36.22
SITE-10256,TN Border,Suburban,2025,Field workforce (contract),14451.96,36.22
SITE-10256,TN Border,Suburban,2025,OEM RAN maint.,11929.74,36.22
SITE-10256,TN Border,Suburban,2025,Power & gen fuel,4812.72,36.22
SITE-10256,TN Border,Suburban,2025,Small cell attach fees,4531.1,36.22
SITE-10256,TN Border,Suburban,2025,NOC / dispatch (allocated),5967.02,36.22
SITE-10256,TN Border,Suburban,2025,Spares & logistics,4138.74,36.22
SITE-10257,AL Panhandle,Urban,2025,Tower / Collocation,20099.36,9.03
SITE-10257,AL Panhandle,Urban,2025,MW transport — 3rd party,15347.76,9.03
SITE-10257,AL Panhandle,Urban,2025,Fiber backhaul circuit,10970.07,9.03
SITE-10257,AL Panhandle,Urban,2025,Field workforce (contract),16450.05,9.03
SITE-10257,AL Panhandle,Urban,2025,OEM RAN maint.,10694.26,9.03
SITE-10257,AL Panhandle,Urban,2025,Power & gen fuel,5175.22,9.03
SITE-10257,AL Panhandle,Urban,2025,Small cell attach fees,4084.86,9.03
SITE-10257,AL Panhandle,Urban,2025,NOC / dispatch (allocated),5990.88,9.03
SITE-10257,AL Panhandle,Urban,2025,Spares & logistics,4127.91,9.03
SITE-10258,North MS,Suburban,2025,Tower / Collocation,20840.56,23.95
SITE-10258,North MS,Suburban,2025,MW transport — 3rd party,14741.57,23.95
SITE-10258,North MS,Suburban,2025,Fiber backhaul circuit,9849.01,23.95
SITE-10258,North MS,Suburban,2025,Field workforce (contract),16354.09,23.95
SITE-10258,North MS,Suburban,2025,OEM RAN maint.,11434.46,23.95
SITE-10258,North MS,Suburban,2025,Power & gen fuel,5360.73,23.95
SITE-10258,North MS,Suburban,2025,Small cell attach fees,4354.66,23.95
SITE-10258,North MS,Suburban,2025,NOC / dispatch (allocated),6149.92,23.95
SITE-10258,North MS,Suburban,2025,Spares & logistics,4396.97,23.95
SITE-10259,AL Panhandle,Rural,2025,Tower / Collocation,24478.61,85.94
SITE-10259,AL Panhandle,Rural,2025,MW transport — 3rd party,16324.75,85.94
SITE-10259,AL Panhandle,Rural,2025,Fiber backhaul circuit,12905.32,85.94
SITE-10259,AL Panhandle,Rural,2025,Field workforce (contract),19841.67,85.94
SITE-10259,AL Panhandle,Rural,2025,OEM RAN maint.,13270.19,85.94
SITE-10259,AL Panhandle,Rural,2025,Power & gen fuel,5745.63,85.94
SITE-10259,AL Panhandle,Rural,2025,Small cell attach fees,5190.28,85.94
SITE-10259,AL Panhandle,Rural,2025,NOC / dispatch (allocated),6818.17,85.94
SITE-10259,AL Panhandle,Rural,2025,Spares & logistics,5240.98,85.94
SITE-10260,Rural West,Rural,2025,Tower / Collocation,25577.99,48.9
SITE-10260,Rural West,Rural,2025,MW transport — 3rd party,17618.28,48.9
SITE-10260,Rural West,Rural,2025,Fiber backhaul circuit,12634.55,48.9
SITE-10260,Rural West,Rural,2025,Field workforce (contract),21850.15,48.9
SITE-10260,Rural West,Rural,2025,OEM RAN maint.,13201.07,48.9
SITE-10260,Rural West,Rural,2025,Power & gen fuel,6653.88,48.9
SITE-10260,Rural West,Rural,2025,Small cell attach fees,4818.82,48.9
SITE-10260,Rural West,Rural,2025,NOC / dispatch (allocated),7589.79,48.9
SITE-10260,Rural West,Rural,2025,Spares & logistics,5227.54,48.9
SITE-10261,Rural West,Urban,2025,Tower / Collocation,19551.58,72.87
SITE-10261,Rural West,Urban,2025,MW transport — 3rd party,15026.25,72.87
SITE-10261,Rural West,Urban,2025,Fiber backhaul circuit,10622.77,72.87
SITE-10261,Rural West,Urban,2025,Field workforce (contract),14347.12,72.87
SITE-10261,Rural West,Urban,2025,OEM RAN maint.,10655.4,72.87
SITE-10261,Rural West,Urban,2025,Power & gen fuel,5304.68,72.87
SITE-10261,Rural West,Urban,2025,Small cell attach fees,4109.2,72.87
SITE-10261,Rural West,Urban,2025,NOC / dispatch (allocated),6320.62,72.87
SITE-10261,Rural West,Urban,2025,Spares & logistics,4428.21,72.87
SITE-10262,AL Panhandle,Suburban,2025,Tower / Collocation,22445.76,69.68
SITE-10262,AL Panhandle,Suburban,2025,MW transport — 3rd party,13453.57,69.68
SITE-10262,AL Panhandle,Suburban,2025,Fiber backhaul circuit,10180.73,69.68
SITE-10262,AL Panhandle,Suburban,2025,Field workforce (contract),14650.48,69.68
SITE-10262,AL Panhandle,Suburban,2025,OEM RAN maint.,11228.88,69.68
SITE-10262,AL Panhandle,Suburban,2025,Power & gen fuel,5297.74,69.68
SITE-10262,AL Panhandle,Suburban,2025,Small cell attach fees,4232.48,69.68
SITE-10262,AL Panhandle,Suburban,2025,NOC / dispatch (allocated),6017.34,69.68
SITE-10262,AL Panhandle,Suburban,2025,Spares & logistics,4123.63,69.68
SITE-10263,South MS,Urban,2025,Tower / Collocation,22149.3,31.22
SITE-10263,South MS,Urban,2025,MW transport — 3rd party,14630.11,31.22
SITE-10263,South MS,Urban,2025,Fiber backhaul circuit,10267.57,31.22
SITE-10263,South MS,Urban,2025,Field workforce (contract),16009.69,31.22
SITE-10263,South MS,Urban,2025,OEM RAN maint.,10627.9,31.22
SITE-10263,South MS,Urban,2025,Power & gen fuel,4899.18,31.22
SITE-10263,South MS,Urban,2025,Small cell attach fees,4066.47,31.22
SITE-10263,South MS,Urban,2025,NOC / dispatch (allocated),6412.07,31.22
SITE-10263,South MS,Urban,2025,Spares & logistics,4390.15,31.22
SITE-10264,Rural West,Suburban,2025,Tower / Collocation,21398.2,24.03
SITE-10264,Rural West,Suburban,2025,MW transport — 3rd party,14117.22,24.03
SITE-10264,Rural West,Suburban,2025,Fiber backhaul circuit,11182.89,24.03
SITE-10264,Rural West,Suburban,2025,Field workforce (contract),15948.04,24.03
SITE-10264,Rural West,Suburban,2025,OEM RAN maint.,11327.83,24.03
SITE-10264,Rural West,Suburban,2025,Power & gen fuel,5303.6,24.03
SITE-10264,Rural West,Suburban,2025,Small cell attach fees,4573.27,24.03
SITE-10264,Rural West,Suburban,2025,NOC / dispatch (allocated),5912.85,24.03
SITE-10264,Rural West,Suburban,2025,Spares & logistics,4346.92,24.03
SITE-10265,North MS,Rural,2025,Tower / Collocation,26948.88,41.49
SITE-10265,North MS,Rural,2025,MW transport — 3rd party,16319.26,41.49
SITE-10265,North MS,Rural,2025,Fiber backhaul circuit,12991.0,41.49
SITE-10265,North MS,Rural,2025,Field workforce (contract),22285.86,41.49
SITE-10265,North MS,Rural,2025,OEM RAN maint.,14097.04,41.49
SITE-10265,North MS,Rural,2025,Power & gen fuel,6175.58,41.49
SITE-10265,North MS,Rural,2025,Small cell attach fees,5246.69,41.49
SITE-10265,North MS,Rural,2025,NOC / dispatch (allocated),6808.16,41.49
SITE-10265,North MS,Rural,2025,Spares & logistics,4915.63,41.49
SITE-10266,South MS,Suburban,2025,Tower / Collocation,20087.73,46.45
SITE-10266,South MS,Suburban,2025,MW transport — 3rd party,15275.88,46.45
SITE-10266,South MS,Suburban,2025,Fiber backhaul circuit,10260.75,46.45
SITE-10266,South MS,Suburban,2025,Field workforce (contract),15167.89,46.45
SITE-10266,South MS,Suburban,2025,OEM RAN maint.,11258.95,46.45
SITE-10266,South MS,Suburban,2025,Power & gen fuel,4840.47,46.45
SITE-10266,South MS,Suburban,2025,Small cell attach fees,4407.51,46.45
SITE-10266,South MS,Suburban,2025,NOC / dispatch (allocated),5900.93,46.45
SITE-10266,South MS,Suburban,2025,Spares & logistics,3921.05,46.45
SITE-10267,AL Panhandle,Rural,2025,Tower / Collocation,26287.0,110.56
SITE-10267,AL Panhandle,Rural,2025,MW transport — 3rd party,18472.49,110.56
SITE-10267,AL Panhandle,Rural,2025,Fiber backhaul circuit,13515.56,110.56
SITE-10267,AL Panhandle,Rural,2025,Field workforce (contract),20766.62,110.56
SITE-10267,AL Panhandle,Rural,2025,OEM RAN maint.,14088.96,110.56
SITE-10267,AL Panhandle,Rural,2025,Power & gen fuel,6287.59,110.56
SITE-10267,AL Panhandle,Rural,2025,Small cell attach fees,4958.25,110.56
SITE-10267,AL Panhandle,Rural,2025,NOC / dispatch (allocated),6889.24,110.56
SITE-10267,AL Panhandle,Rural,2025,Spares & logistics,4831.86,110.56
SITE-10268,South MS,Suburban,2025,Tower / Collocation,20328.33,74.2
SITE-10268,South MS,Suburban,2025,MW transport — 3rd party,13715.43,74.2
SITE-10268,South MS,Suburban,2025,Fiber backhaul circuit,10394.28,74.2
SITE-10268,South MS,Suburban,2025,Field workforce (contract),15414.6,74.2
SITE-10268,South MS,Suburban,2025,OEM RAN maint.,12190.02,74.2
SITE-10268,South MS,Suburban,2025,Power & gen fuel,5405.86,74.2
SITE-10268,South MS,Suburban,2025,Small cell attach fees,4532.92,74.2
SITE-10268,South MS,Suburban,2025,NOC / dispatch (allocated),6283.45,74.2
SITE-10268,South MS,Suburban,2025,Spares & logistics,4565.92,74.2
SITE-10269,TN Border,Suburban,2025,Tower / Collocation,19548.5,12.13
SITE-10269,TN Border,Suburban,2025,MW transport — 3rd party,14141.54,12.13
SITE-10269,TN Border,Suburban,2025,Fiber backhaul circuit,10066.0,12.13
SITE-10269,TN Border,Suburban,2025,Field workforce (contract),14492.01,12.13
SITE-10269,TN Border,Suburban,2025,OEM RAN maint.,12252.38,12.13
SITE-10269,TN Border,Suburban,2025,Power & gen fuel,4851.46,12.13
SITE-10269,TN Border,Suburban,2025,Small cell attach fees,4562.38,12.13
SITE-10269,TN Border,Suburban,2025,NOC / dispatch (allocated),6198.32,12.13
SITE-10269,TN Border,Suburban,2025,Spares & logistics,4345.84,12.13
SITE-10270,AL Panhandle,Suburban,2025,Tower / Collocation,19894.09,64.24
SITE-10270,AL Panhandle,Suburban,2025,MW transport — 3rd party,15402.31,64.24
SITE-10270,AL Panhandle,Suburban,2025,Fiber backhaul circuit,10139.9,64.24
SITE-10270,AL Panhandle,Suburban,2025,Field workforce (contract),14700.7,64.24
SITE-10270,AL Panhandle,Suburban,2025,OEM RAN maint.,11809.97,64.24
SITE-10270,AL Panhandle,Suburban,2025,Power & gen fuel,5227.66,64.24
SITE-10270,AL Panhandle,Suburban,2025,Small cell attach fees,4216.88,64.24
SITE-10270,AL Panhandle,Suburban,2025,NOC / dispatch (allocated),6076.09,64.24
SITE-10270,AL Panhandle,Suburban,2025,Spares & logistics,4018.46,64.24
SITE-10271,South MS,Suburban,2025,Tower / Collocation,20182.76,31.54
SITE-10271,South MS,Suburban,2025,MW transport — 3rd party,13616.21,31.54
SITE-10271,South MS,Suburban,2025,Fiber backhaul circuit,10191.14,31.54
SITE-10271,South MS,Suburban,2025,Field workforce (contract),14886.9,31.54
SITE-10271,South MS,Suburban,2025,OEM RAN maint.,11340.25,31.54
SITE-10271,South MS,Suburban,2025,Power & gen fuel,4847.38,31.54
SITE-10271,South MS,Suburban,2025,Small cell attach fees,4041.25,31.54
SITE-10271,South MS,Suburban,2025,NOC / dispatch (allocated),5989.74,31.54
SITE-10271,South MS,Suburban,2025,Spares & logistics,3997.64,31.54
SITE-10272,TN Border,Suburban,2025,Tower / Collocation,22288.12,45.13
SITE-10272,TN Border,Suburban,2025,MW transport — 3rd party,13469.13,45.13
SITE-10272,TN Border,Suburban,2025,Fiber backhaul circuit,9706.22,45.13
SITE-10272,TN Border,Suburban,2025,Field workforce (contract),15841.91,45.13
SITE-10272,TN Border,Suburban,2025,OEM RAN maint.,11901.11,45.13
SITE-10272,TN Border,Suburban,2025,Power & gen fuel,5379.94,45.13
SITE-10272,TN Border,Suburban,2025,Small cell attach fees,3948.64,45.13
SITE-10272,TN Border,Suburban,2025,NOC / dispatch (allocated),6213.62,45.13
SITE-10272,TN Border,Suburban,2025,Spares & logistics,4166.05,45.13
SITE-10273,Rural West,Suburban,2025,Tower / Collocation,22606.17,23.05
SITE-10273,Rural West,Suburban,2025,MW transport — 3rd party,13389.32,23.05
SITE-10273,Rural West,Suburban,2025,Fiber backhaul circuit,11019.91,23.05
SITE-10273,Rural West,Suburban,2025,Field workforce (contract),15641.48,23.05
SITE-10273,Rural West,Suburban,2025,OEM RAN maint.,11853.69,23.05
SITE-10273,Rural West,Suburban,2025,Power & gen fuel,5272.76,23.05
SITE-10273,Rural West,Suburban,2025,Small cell attach fees,4493.74,23.05
SITE-10273,Rural West,Suburban,2025,NOC / dispatch (allocated),5648.97,23.05
SITE-10273,Rural West,Suburban,2025,Spares & logistics,3910.56,23.05
SITE-10274,South MS,Suburban,2025,Tower / Collocation,19892.24,18.77
SITE-10274,South MS,Suburban,2025,MW transport — 3rd party,14006.75,18.77
SITE-10274,South MS,Suburban,2025,Fiber backhaul circuit,9751.92,18.77
SITE-10274,South MS,Suburban,2025,Field workforce (contract),14215.32,18.77
SITE-10274,South MS,Suburban,2025,OEM RAN maint.,12184.43,18.77
SITE-10274,South MS,Suburban,2025,Power & gen fuel,4946.68,18.77
SITE-10274,South MS,Suburban,2025,Small cell attach fees,4577.92,18.77
SITE-10274,South MS,Suburban,2025,NOC / dispatch (allocated),6392.08,18.77
SITE-10274,South MS,Suburban,2025,Spares & logistics,4006.95,18.77
SITE-10275,South MS,Rural,2025,Tower / Collocation,26153.36,84.38
SITE-10275,South MS,Rural,2025,MW transport — 3rd party,16315.49,84.38
SITE-10275,South MS,Rural,2025,Fiber backhaul circuit,12057.27,84.38
SITE-10275,South MS,Rural,2025,Field workforce (contract),19876.76,84.38
SITE-10275,South MS,Rural,2025,OEM RAN maint.,14073.85,84.38
SITE-10275,South MS,Rural,2025,Power & gen fuel,6661.14,84.38
SITE-10275,South MS,Rural,2025,Small cell attach fees,5291.72,84.38
SITE-10275,South MS,Rural,2025,NOC / dispatch (allocated),7453.13,84.38
SITE-10275,South MS,Rural,2025,Spares & logistics,5549.3,84.38
SITE-10276,South MS,Suburban,2025,Tower / Collocation,20490.53,83.43
SITE-10276,South MS,Suburban,2025,MW transport — 3rd party,13252.75,83.43
SITE-10276,South MS,Suburban,2025,Fiber backhaul circuit,10484.12,83.43
SITE-10276,South MS,Suburban,2025,Field workforce (contract),16369.81,83.43
SITE-10276,South MS,Suburban,2025,OEM RAN maint.,10980.44,83.43
SITE-10276,South MS,Suburban,2025,Power & gen fuel,5093.07,83.43
SITE-10276,South MS,Suburban,2025,Small cell attach fees,4028.17,83.43
SITE-10276,South MS,Suburban,2025,NOC / dispatch (allocated),5528.92,83.43
SITE-10276,South MS,Suburban,2025,Spares & logistics,3964.77,83.43
SITE-10277,North MS,Rural,2025,Tower / Collocation,23930.75,116.44
SITE-10277,North MS,Rural,2025,MW transport — 3rd party,16851.67,116.44
SITE-10277,North MS,Rural,2025,Fiber backhaul circuit,12070.41,116.44
SITE-10277,North MS,Rural,2025,Field workforce (contract),19706.93,116.44
SITE-10277,North MS,Rural,2025,OEM RAN maint.,13961.55,116.44
SITE-10277,North MS,Rural,2025,Power & gen fuel,6377.68,116.44
SITE-10277,North MS,Rural,2025,Small cell attach fees,5271.85,116.44
SITE-10277,North MS,Rural,2025,NOC / dispatch (allocated),7080.86,116.44
SITE-10277,North MS,Rural,2025,Spares & logistics,5195.33,116.44
SITE-10278,AL Panhandle,Urban,2025,Tower / Collocation,21820.32,89.07
SITE-10278,AL Panhandle,Urban,2025,MW transport — 3rd party,15367.84,89.07
SITE-10278,AL Panhandle,Urban,2025,Fiber backhaul circuit,11170.16,89.07
SITE-10278,AL Panhandle,Urban,2025,Field workforce (contract),15665.71,89.07
SITE-10278,AL Panhandle,Urban,2025,OEM RAN maint.,12206.75,89.07
SITE-10278,AL Panhandle,Urban,2025,Power & gen fuel,5032.03,89.07
SITE-10278,AL Panhandle,Urban,2025,Small cell attach fees,3912.46,89.07
SITE-10278,AL Panhandle,Urban,2025,NOC / dispatch (allocated),5533.57,89.07
SITE-10278,AL Panhandle,Urban,2025,Spares & logistics,3984.45,89.07
SITE-10279,North MS,Urban,2025,Tower / Collocation,21618.47,38.6
SITE-10279,North MS,Urban,2025,MW transport — 3rd party,15063.63,38.6
SITE-10279,North MS,Urban,2025,Fiber backhaul circuit,10623.15,38.6
SITE-10279,North MS,Urban,2025,Field workforce (contract),14434.48,38.6
SITE-10279,North MS,Urban,2025,OEM RAN maint.,11877.12,38.6
SITE-10279,North MS,Urban,2025,Power & gen fuel,4981.52,38.6
SITE-10279,North MS,Urban,2025,Small cell attach fees,3918.84,38.6
SITE-10279,North MS,Urban,2025,NOC / dispatch (allocated),5741.12,38.6
SITE-10279,North MS,Urban,2025,Spares & logistics,4134.81,38.6
SITE-10280,AL Panhandle,Suburban,2025,Tower / Collocation,21599.3,74.11
SITE-10280,AL Panhandle,Suburban,2025,MW transport — 3rd party,13562.84,74.11
SITE-10280,AL Panhandle,Suburban,2025,Fiber backhaul circuit,10987.78,74.11
SITE-10280,AL Panhandle,Suburban,2025,Field workforce (contract),15733.73,74.11
SITE-10280,AL Panhandle,Suburban,2025,OEM RAN maint.,10866.21,74.11
SITE-10280,AL Panhandle,Suburban,2025,Power & gen fuel,5220.84,74.11
SITE-10280,AL Panhandle,Suburban,2025,Small cell attach fees,4238.79,74.11
SITE-10280,AL Panhandle,Suburban,2025,NOC / dispatch (allocated),5892.26,74.11
SITE-10280,AL Panhandle,Suburban,2025,Spares & logistics,3986.24,74.11
SITE-10281,Rural West,Suburban,2025,Tower / Collocation,19818.9,16.69
SITE-10281,Rural West,Suburban,2025,MW transport — 3rd party,13547.97,16.69
SITE-10281,Rural West,Suburban,2025,Fiber backhaul circuit,11232.87,16.69
SITE-10281,Rural West,Suburban,2025,Field workforce (contract),14773.35,16.69
SITE-10281,Rural West,Suburban,2025,OEM RAN maint.,11159.34,16.69
SITE-10281,Rural West,Suburban,2025,Power & gen fuel,4954.82,16.69
SITE-10281,Rural West,Suburban,2025,Small cell attach fees,4520.81,16.69
SITE-10281,Rural West,Suburban,2025,NOC / dispatch (allocated),6009.94,16.69
SITE-10281,Rural West,Suburban,2025,Spares & logistics,4535.03,16.69
SITE-10282,North MS,Suburban,2025,Tower / Collocation,20426.39,56.39
SITE-10282,North MS,Suburban,2025,MW transport — 3rd party,15089.56,56.39
SITE-10282,North MS,Suburban,2025,Fiber backhaul circuit,11107.73,56.39
SITE-10282,North MS,Suburban,2025,Field workforce (contract),15232.86,56.39
SITE-10282,North MS,Suburban,2025,OEM RAN maint.,12285.57,56.39
SITE-10282,North MS,Suburban,2025,Power & gen fuel,5143.26,56.39
SITE-10282,North MS,Suburban,2025,Small cell attach fees,4094.23,56.39
SITE-10282,North MS,Suburban,2025,NOC / dispatch (allocated),5939.5,56.39
SITE-10282,North MS,Suburban,2025,Spares & logistics,3935.37,56.39
SITE-10283,North MS,Rural,2025,Tower / Collocation,24602.59,23.55
SITE-10283,North MS,Rural,2025,MW transport — 3rd party,17624.72,23.55
SITE-10283,North MS,Rural,2025,Fiber backhaul circuit,11761.69,23.55
SITE-10283,North MS,Rural,2025,Field workforce (contract),19885.9,23.55
SITE-10283,North MS,Rural,2025,OEM RAN maint.,14277.58,23.55
SITE-10283,North MS,Rural,2025,Power & gen fuel,5756.57,23.55
SITE-10283,North MS,Rural,2025,Small cell attach fees,5131.12,23.55
SITE-10283,North MS,Rural,2025,NOC / dispatch (allocated),7023.92,23.55
SITE-10283,North MS,Rural,2025,Spares & logistics,4925.94,23.55
SITE-10284,Rural West,Urban,2025,Tower / Collocation,19738.23,90.78
SITE-10284,Rural West,Urban,2025,MW transport — 3rd party,15452.92,90.78
SITE-10284,Rural West,Urban,2025,Fiber backhaul circuit,10630.78,90.78
SITE-10284,Rural West,Urban,2025,Field workforce (contract),15646.78,90.78
SITE-10284,Rural West,Urban,2025,OEM RAN maint.,11807.71,90.78
SITE-10284,Rural West,Urban,2025,Power & gen fuel,5266.56,90.78
SITE-10284,Rural West,Urban,2025,Small cell attach fees,4467.47,90.78
SITE-10284,Rural West,Urban,2025,NOC / dispatch (allocated),5934.26,90.78
SITE-10284,Rural West,Urban,2025,Spares & logistics,4272.68,90.78
SITE-10285,TN Border,Suburban,2025,Tower / Collocation,21495.72,17.16
SITE-10285,TN Border,Suburban,2025,MW transport — 3rd party,13320.11,17.16
SITE-10285,TN Border,Suburban,2025,Fiber backhaul circuit,10096.07,17.16
SITE-10285,TN Border,Suburban,2025,Field workforce (contract),14306.67,17.16
SITE-10285,TN Border,Suburban,2025,OEM RAN maint.,10858.7,17.16
SITE-10285,TN Border,Suburban,2025,Power & gen fuel,5213.2,17.16
SITE-10285,TN Border,Suburban,2025,Small cell attach fees,4337.36,17.16
SITE-10285,TN Border,Suburban,2025,NOC / dispatch (allocated),5874.84,17.16
SITE-10285,TN Border,Suburban,2025,Spares & logistics,3971.32,17.16
SITE-10286,AL Panhandle,Suburban,2025,Tower / Collocation,21208.82,70.68
SITE-10286,AL Panhandle,Suburban,2025,MW transport — 3rd party,14374.82,70.68
SITE-10286,AL Panhandle,Suburban,2025,Fiber backhaul circuit,10450.19,70.68
SITE-10286,AL Panhandle,Suburban,2025,Field workforce (contract),16441.49,70.68
SITE-10286,AL Panhandle,Suburban,2025,OEM RAN maint.,11892.46,70.68
SITE-10286,AL Panhandle,Suburban,2025,Power & gen fuel,5097.54,70.68
SITE-10286,AL Panhandle,Suburban,2025,Small cell attach fees,4235.87,70.68
SITE-10286,AL Panhandle,Suburban,2025,NOC / dispatch (allocated),5499.21,70.68
SITE-10286,AL Panhandle,Suburban,2025,Spares & logistics,4550.91,70.68
SITE-10287,South MS,Suburban,2025,Tower / Collocation,22617.54,30.27
SITE-10287,South MS,Suburban,2025,MW transport — 3rd party,14897.9,30.27
SITE-10287,South MS,Suburban,2025,Fiber backhaul circuit,9713.6,30.27
SITE-10287,South MS,Suburban,2025,Field workforce (contract),14227.5,30.27
SITE-10287,South MS,Suburban,2025,OEM RAN maint.,10556.69,30.27
SITE-10287,South MS,Suburban,2025,Power & gen fuel,5181.29,30.27
SITE-10287,South MS,Suburban,2025,Small cell attach fees,3958.66,30.27
SITE-10287,South MS,Suburban,2025,NOC / dispatch (allocated),6362.59,30.27
SITE-10287,South MS,Suburban,2025,Spares & logistics,4547.1,30.27
SITE-10288,TN Border,Suburban,2025,Tower / Collocation,19482.85,33.39
SITE-10288,TN Border,Suburban,2025,MW transport — 3rd party,14941.13,33.39
SITE-10288,TN Border,Suburban,2025,Fiber backhaul circuit,9804.78,33.39
SITE-10288,TN Border,Suburban,2025,Field workforce (contract),14285.45,33.39
SITE-10288,TN Border,Suburban,2025,OEM RAN maint.,11078.95,33.39
SITE-10288,TN Border,Suburban,2025,Power & gen fuel,4702.17,33.39
SITE-10288,TN Border,Suburban,2025,Small cell attach fees,4205.14,33.39
SITE-10288,TN Border,Suburban,2025,NOC / dispatch (allocated),6147.71,33.39
SITE-10288,TN Border,Suburban,2025,Spares & logistics,4454.92,33.39
SITE-10289,TN Border,Suburban,2025,Tower / Collocation,20630.69,81.68
SITE-10289,TN Border,Suburban,2025,MW transport — 3rd party,15197.49,81.68
SITE-10289,TN Border,Suburban,2025,Fiber backhaul circuit,10482.85,81.68
SITE-10289,TN Border,Suburban,2025,Field workforce (contract),14621.99,81.68
SITE-10289,TN Border,Suburban,2025,OEM RAN maint.,12235.83,81.68
SITE-10289,TN Border,Suburban,2025,Power & gen fuel,4916.38,81.68
SITE-10289,TN Border,Suburban,2025,Small cell attach fees,3927.82,81.68
SITE-10289,TN Border,Suburban,2025,NOC / dispatch (allocated),5705.03,81.68
SITE-10289,TN Border,Suburban,2025,Spares & logistics,4159.35,81.68
SITE-10290,South MS,Suburban,2025,Tower / Collocation,20248.12,84.83
SITE-10290,South MS,Suburban,2025,MW transport — 3rd party,14442.08,84.83
SITE-10290,South MS,Suburban,2025,Fiber backhaul circuit,10204.15,84.83
SITE-10290,South MS,Suburban,2025,Field workforce (contract),16087.7,84.83
SITE-10290,South MS,Suburban,2025,OEM RAN maint.,10798.15,84.83
SITE-10290,South MS,Suburban,2025,Power & gen fuel,4776.46,84.83
SITE-10290,South MS,Suburban,2025,Small cell attach fees,4252.04,84.83
SITE-10290,South MS,Suburban,2025,NOC / dispatch (allocated),6113.64,84.83
SITE-10290,South MS,Suburban,2025,Spares & logistics,4450.96,84.83
SITE-10291,AL Panhandle,Suburban,2025,Tower / Collocation,20584.47,75.32
SITE-10291,AL Panhandle,Suburban,2025,MW transport — 3rd party,13318.4,75.32
SITE-10291,AL Panhandle,Suburban,2025,Fiber backhaul circuit,9828.77,75.32
SITE-10291,AL Panhandle,Suburban,2025,Field workforce (contract),14170.79,75.32
SITE-10291,AL Panhandle,Suburban,2025,OEM RAN maint.,11111.34,75.32
SITE-10291,AL Panhandle,Suburban,2025,Power & gen fuel,5096.32,75.32
SITE-10291,AL Panhandle,Suburban,2025,Small cell attach fees,4152.3,75.32
SITE-10291,AL Panhandle,Suburban,2025,NOC / dispatch (allocated),6007.69,75.32
SITE-10291,AL Panhandle,Suburban,2025,Spares & logistics,4236.81,75.32
SITE-10292,North MS,Suburban,2025,Tower / Collocation,20428.66,35.67
SITE-10292,North MS,Suburban,2025,MW transport — 3rd party,14590.34,35.67
SITE-10292,North MS,Suburban,2025,Fiber backhaul circuit,10633.57,35.67
SITE-10292,North MS,Suburban,2025,Field workforce (contract),14846.39,35.67
SITE-10292,North MS,Suburban,2025,OEM RAN maint.,11113.85,35.67
SITE-10292,North MS,Suburban,2025,Power & gen fuel,5258.34,35.67
SITE-10292,North MS,Suburban,2025,Small cell attach fees,4350.24,35.67
SITE-10292,North MS,Suburban,2025,NOC / dispatch (allocated),5602.57,35.67
SITE-10292,North MS,Suburban,2025,Spares & logistics,4209.91,35.67
SITE-10293,TN Border,Rural,2025,Tower / Collocation,26821.4,15.62
SITE-10293,TN Border,Rural,2025,MW transport — 3rd party,16502.43,15.62
SITE-10293,TN Border,Rural,2025,Fiber backhaul circuit,12704.32,15.62
SITE-10293,TN Border,Rural,2025,Field workforce (contract),21062.88,15.62
SITE-10293,TN Border,Rural,2025,OEM RAN maint.,12758.18,15.62
SITE-10293,TN Border,Rural,2025,Power & gen fuel,6590.74,15.62
SITE-10293,TN Border,Rural,2025,Small cell attach fees,5112.86,15.62
SITE-10293,TN Border,Rural,2025,NOC / dispatch (allocated),7734.04,15.62
SITE-10293,TN Border,Rural,2025,Spares & logistics,4974.28,15.62
SITE-10294,AL Panhandle,Rural,2025,Tower / Collocation,24171.87,79.02
SITE-10294,AL Panhandle,Rural,2025,MW transport — 3rd party,17959.42,79.02
SITE-10294,AL Panhandle,Rural,2025,Fiber backhaul circuit,12789.04,79.02
SITE-10294,AL Panhandle,Rural,2025,Field workforce (contract),22837.45,79.02
SITE-10294,AL Panhandle,Rural,2025,OEM RAN maint.,13708.69,79.02
SITE-10294,AL Panhandle,Rural,2025,Power & gen fuel,5951.11,79.02
SITE-10294,AL Panhandle,Rural,2025,Small cell attach fees,4851.95,79.02
SITE-10294,AL Panhandle,Rural,2025,NOC / dispatch (allocated),7439.14,79.02
SITE-10294,AL Panhandle,Rural,2025,Spares & logistics,5540.67,79.02
SITE-10295,Rural West,Urban,2025,Tower / Collocation,22374.66,72.42
SITE-10295,Rural West,Urban,2025,MW transport — 3rd party,13414.93,72.42
SITE-10295,Rural West,Urban,2025,Fiber backhaul circuit,9818.83,72.42
SITE-10295,Rural West,Urban,2025,Field workforce (contract),15769.91,72.42
SITE-10295,Rural West,Urban,2025,OEM RAN maint.,11694.45,72.42
SITE-10295,Rural West,Urban,2025,Power & gen fuel,4748.16,72.42
SITE-10295,Rural West,Urban,2025,Small cell attach fees,4477.41,72.42
SITE-10295,Rural West,Urban,2025,NOC / dispatch (allocated),5972.3,72.42
SITE-10295,Rural West,Urban,2025,Spares & logistics,4526.89,72.42
SITE-10296,Rural West,Rural,2025,Tower / Collocation,24370.98,74.04
SITE-10296,Rural West,Rural,2025,MW transport — 3rd party,17459.11,74.04
SITE-10296,Rural West,Rural,2025,Fiber backhaul circuit,11879.11,74.04
SITE-10296,Rural West,Rural,2025,Field workforce (contract),21862.88,74.04
SITE-10296,Rural West,Rural,2025,OEM RAN maint.,13032.49,74.04
SITE-10296,Rural West,Rural,2025,Power & gen fuel,6191.05,74.04
SITE-10296,Rural West,Rural,2025,Small cell attach fees,4782.81,74.04
SITE-10296,Rural West,Rural,2025,NOC / dispatch (allocated),6978.72,74.04
SITE-10296,Rural West,Rural,2025,Spares & logistics,4929.23,74.04
SITE-10297,Rural West,Suburban,2025,Tower / Collocation,19460.5,76.45
SITE-10297,Rural West,Suburban,2025,MW transport — 3rd party,15200.97,76.45
SITE-10297,Rural West,Suburban,2025,Fiber backhaul circuit,11076.47,76.45
SITE-10297,Rural West,Suburban,2025,Field workforce (contract),14913.87,76.45
SITE-10297,Rural West,Suburban,2025,OEM RAN maint.,11714.63,76.45
SITE-10297,Rural West,Suburban,2025,Power & gen fuel,5020.53,76.45
SITE-10297,Rural West,Suburban,2025,Small cell attach fees,4014.85,76.45
SITE-10297,Rural West,Suburban,2025,NOC / dispatch (allocated),5977.29,76.45
SITE-10297,Rural West,Suburban,2025,Spares & logistics,3968.72,76.45
SITE-10298,TN Border,Rural,2025,Tower / Collocation,25633.11,111.27
SITE-10298,TN Border,Rural,2025,MW transport — 3rd party,17603.18,111.27
SITE-10298,TN Border,Rural,2025,Fiber backhaul circuit,13673.52,111.27
SITE-10298,TN Border,Rural,2025,Field workforce (contract),20461.0,111.27
SITE-10298,TN Border,Rural,2025,OEM RAN maint.,12903.96,111.27
SITE-10298,TN Border,Rural,2025,Power & gen fuel,6241.25,111.27
SITE-10298,TN Border,Rural,2025,Small cell attach fees,5008.92,111.27
SITE-10298,TN Border,Rural,2025,NOC / dispatch (allocated),7005.05,111.27
SITE-10298,TN Border,Rural,2025,Spares & logistics,4743.84,111.27
SITE-10299,Rural West,Suburban,2025,Tower / Collocation,19898.0,30.97
SITE-10299,Rural West,Suburban,2025,MW transport — 3rd party,13335.82,30.97
SITE-10299,Rural West,Suburban,2025,Fiber backhaul circuit,10244.74,30.97
SITE-10299,Rural West,Suburban,2025,Field workforce (contract),16227.72,30.97
SITE-10299,Rural West,Suburban,2025,OEM RAN maint.,11125.46,30.97
SITE-10299,Rural West,Suburban,2025,Power & gen fuel,5246.12,30.97
SITE-10299,Rural West,Suburban,2025,Small cell attach fees,4424.45,30.97
SITE-10299,Rural West,Suburban,2025,NOC / dispatch (allocated),5786.35,30.97
SITE-10299,Rural West,Suburban,2025,Spares & logistics,4468.72,30.97
SITE-10300,Rural West,Suburban,2025,Tower / Collocation,19386.07,8.09
SITE-10300,Rural West,Suburban,2025,MW transport — 3rd party,15524.74,8.09
SITE-10300,Rural West,Suburban,2025,Fiber backhaul circuit,10944.97,8.09
SITE-10300,Rural West,Suburban,2025,Field workforce (contract),16371.16,8.09
SITE-10300,Rural West,Suburban,2025,OEM RAN maint.,12159.35,8.09
SITE-10300,Rural West,Suburban,2025,Power & gen fuel,4708.68,8.09
SITE-10300,Rural West,Suburban,2025,Small cell attach fees,4448.46,8.09
SITE-10300,Rural West,Suburban,2025,NOC / dispatch (allocated),5903.49,8.09
SITE-10300,Rural West,Suburban,2025,Spares & logistics,4446.9,8.09
SITE-10301,AL Panhandle,Urban,2025,Tower / Collocation,21786.2,33.07
SITE-10301,AL Panhandle,Urban,2025,MW transport — 3rd party,15069.09,33.07
SITE-10301,AL Panhandle,Urban,2025,Fiber backhaul circuit,10672.58,33.07
SITE-10301,AL Panhandle,Urban,2025,Field workforce (contract),14813.48,33.07
SITE-10301,AL Panhandle,Urban,2025,OEM RAN maint.,11077.37,33.07
SITE-10301,AL Panhandle,Urban,2025,Power & gen fuel,5480.88,33.07
SITE-10301,AL Panhandle,Urban,2025,Small cell attach fees,4208.66,33.07
SITE-10301,AL Panhandle,Urban,2025,NOC / dispatch (allocated),5899.66,33.07
SITE-10301,AL Panhandle,Urban,2025,Spares & logistics,4285.59,33.07
SITE-10302,South MS,Suburban,2025,Tower / Collocation,22038.83,45.61
SITE-10302,South MS,Suburban,2025,MW transport — 3rd party,15336.32,45.61
SITE-10302,South MS,Suburban,2025,Fiber backhaul circuit,11196.01,45.61
SITE-10302,South MS,Suburban,2025,Field workforce (contract),15457.4,45.61
SITE-10302,South MS,Suburban,2025,OEM RAN maint.,11318.26,45.61
SITE-10302,South MS,Suburban,2025,Power & gen fuel,5267.48,45.61
SITE-10302,South MS,Suburban,2025,Small cell attach fees,4480.06,45.61
SITE-10302,South MS,Suburban,2025,NOC / dispatch (allocated),6009.96,45.61
SITE-10302,South MS,Suburban,2025,Spares & logistics,4385.99,45.61
SITE-10303,AL Panhandle,Rural,2025,Tower / Collocation,26378.67,93.58
SITE-10303,AL Panhandle,Rural,2025,MW transport — 3rd party,16629.32,93.58
SITE-10303,AL Panhandle,Rural,2025,Fiber backhaul circuit,12686.3,93.58
SITE-10303,AL Panhandle,Rural,2025,Field workforce (contract),21622.12,93.58
SITE-10303,AL Panhandle,Rural,2025,OEM RAN maint.,12741.23,93.58
SITE-10303,AL Panhandle,Rural,2025,Power & gen fuel,6531.98,93.58
SITE-10303,AL Panhandle,Rural,2025,Small cell attach fees,5240.66,93.58
SITE-10303,AL Panhandle,Rural,2025,NOC / dispatch (allocated),6782.17,93.58
SITE-10303,AL Panhandle,Rural,2025,Spares & logistics,5410.68,93.58
SITE-10304,TN Border,Rural,2025,Tower / Collocation,26817.5,58.95
SITE-10304,TN Border,Rural,2025,MW transport — 3rd party,17202.5,58.95
SITE-10304,TN Border,Rural,2025,Fiber backhaul circuit,12832.76,58.95
SITE-10304,TN Border,Rural,2025,Field workforce (contract),19617.51,58.95
SITE-10304,TN Border,Rural,2025,OEM RAN maint.,14164.08,58.95
SITE-10304,TN Border,Rural,2025,Power & gen fuel,6395.73,58.95
SITE-10304,TN Border,Rural,2025,Small cell attach fees,5205.3,58.95
SITE-10304,TN Border,Rural,2025,NOC / dispatch (allocated),7206.03,58.95
SITE-10304,TN Border,Rural,2025,Spares & logistics,5405.39,58.95
SITE-10305,TN Border,Suburban,2025,Tower / Collocation,22482.37,32.19
SITE-10305,TN Border,Suburban,2025,MW transport — 3rd party,14871.59,32.19
SITE-10305,TN Border,Suburban,2025,Fiber backhaul circuit,11289.55,32.19
SITE-10305,TN Border,Suburban,2025,Field workforce (contract),16453.65,32.19
SITE-10305,TN Border,Suburban,2025,OEM RAN maint.,12189.7,32.19
SITE-10305,TN Border,Suburban,2025,Power & gen fuel,5308.38,32.19
SITE-10305,TN Border,Suburban,2025,Small cell attach fees,4324.41,32.19
SITE-10305,TN Border,Suburban,2025,NOC / dispatch (allocated),5637.91,32.19
SITE-10305,TN Border,Suburban,2025,Spares & logistics,4279.48,32.19
SITE-10306,AL Panhandle,Rural,2025,Tower / Collocation,23794.14,116.95
SITE-10306,AL Panhandle,Rural,2025,MW transport — 3rd party,17110.16,116.95
SITE-10306,AL Panhandle,Rural,2025,Fiber backhaul circuit,12701.71,116.95
SITE-10306,AL Panhandle,Rural,2025,Field workforce (contract),21090.14,116.95
SITE-10306,AL Panhandle,Rural,2025,OEM RAN maint.,12976.25,116.95
SITE-10306,AL Panhandle,Rural,2025,Power & gen fuel,5837.41,116.95
SITE-10306,AL Panhandle,Rural,2025,Small cell attach fees,5428.2,116.95
SITE-10306,AL Panhandle,Rural,2025,NOC / dispatch (allocated),7191.99,116.95
SITE-10306,AL Panhandle,Rural,2025,Spares & logistics,4778.15,116.95
SITE-10307,AL Panhandle,Urban,2025,Tower / Collocation,19819.32,49.19
SITE-10307,AL Panhandle,Urban,2025,MW transport — 3rd party,14866.66,49.19
SITE-10307,AL Panhandle,Urban,2025,Fiber backhaul circuit,10966.82,49.19
SITE-10307,AL Panhandle,Urban,2025,Field workforce (contract),14634.87,49.19
SITE-10307,AL Panhandle,Urban,2025,OEM RAN maint.,11592.48,49.19
SITE-10307,AL Panhandle,Urban,2025,Power & gen fuel,4818.03,49.19
SITE-10307,AL Panhandle,Urban,2025,Small cell attach fees,4116.44,49.19
SITE-10307,AL Panhandle,Urban,2025,NOC / dispatch (allocated),6320.13,49.19
SITE-10307,AL Panhandle,Urban,2025,Spares & logistics,4279.99,49.19
SITE-10308,AL Panhandle,Rural,2025,Tower / Collocation,25261.25,51.4
SITE-10308,AL Panhandle,Rural,2025,MW transport — 3rd party,17386.84,51.4
SITE-10308,AL Panhandle,Rural,2025,Fiber backhaul circuit,13699.99,51.4
SITE-10308,AL Panhandle,Rural,2025,Field workforce (contract),20005.73,51.4
SITE-10308,AL Panhandle,Rural,2025,OEM RAN maint.,14622.77,51.4
SITE-10308,AL Panhandle,Rural,2025,Power & gen fuel,6539.61,51.4
SITE-10308,AL Panhandle,Rural,2025,Small cell attach fees,5193.84,51.4
SITE-10308,AL Panhandle,Rural,2025,NOC / dispatch (allocated),7030.08,51.4
SITE-10308,AL Panhandle,Rural,2025,Spares & logistics,5165.84,51.4
SITE-10309,South MS,Suburban,2025,Tower / Collocation,20938.23,77.52
SITE-10309,South MS,Suburban,2025,MW transport — 3rd party,15374.99,77.52
SITE-10309,South MS,Suburban,2025,Fiber backhaul circuit,10677.57,77.52
SITE-10309,South MS,Suburban,2025,Field workforce (contract),15335.05,77.52
SITE-10309,South MS,Suburban,2025,OEM RAN maint.,11809.8,77.52
SITE-10309,South MS,Suburban,2025,Power & gen fuel,5103.21,77.52
SITE-10309,South MS,Suburban,2025,Small cell attach fees,4525.06,77.52
SITE-10309,South MS,Suburban,2025,NOC / dispatch (allocated),5649.59,77.52
SITE-10309,South MS,Suburban,2025,Spares & logistics,4571.88,77.52
SITE-10310,TN Border,Rural,2025,Tower / Collocation,26748.46,70.02
SITE-10310,TN Border,Rural,2025,MW transport — 3rd party,16903.18,70.02
SITE-10310,TN Border,Rural,2025,Fiber backhaul circuit,13221.44,70.02
SITE-10310,TN Border,Rural,2025,Field workforce (contract),20094.45,70.02
SITE-10310,TN Border,Rural,2025,OEM RAN maint.,13415.84,70.02
SITE-10310,TN Border,Rural,2025,Power & gen fuel,6126.34,70.02
SITE-10310,TN Border,Rural,2025,Small cell attach fees,5003.59,70.02
SITE-10310,TN Border,Rural,2025,NOC / dispatch (allocated),7079.66,70.02
SITE-10310,TN Border,Rural,2025,Spares & logistics,5413.77,70.02
SITE-10311,Rural West,Suburban,2025,Tower / Collocation,19515.49,72.84
SITE-10311,Rural West,Suburban,2025,MW transport — 3rd party,15006.26,72.84
SITE-10311,Rural West,Suburban,2025,Fiber backhaul circuit,10961.29,72.84
SITE-10311,Rural West,Suburban,2025,Field workforce (contract),15059.36,72.84
SITE-10311,Rural West,Suburban,2025,OEM RAN maint.,11830.65,72.84
SITE-10311,Rural West,Suburban,2025,Power & gen fuel,5438.75,72.84
SITE-10311,Rural West,Suburban,2025,Small cell attach fees,4454.48,72.84
SITE-10311,Rural West,Suburban,2025,NOC / dispatch (allocated),5845.71,72.84
SITE-10311,Rural West,Suburban,2025,Spares & logistics,4239.27,72.84
SITE-10312,South MS,Rural,2025,Tower / Collocation,24681.05,109.11
SITE-10312,South MS,Rural,2025,MW transport — 3rd party,18296.39,109.11
SITE-10312,South MS,Rural,2025,Fiber backhaul circuit,11850.67,109.11
SITE-10312,South MS,Rural,2025,Field workforce (contract),19766.78,109.11
SITE-10312,South MS,Rural,2025,OEM RAN maint.,14945.51,109.11
SITE-10312,South MS,Rural,2025,Power & gen fuel,6545.32,109.11
SITE-10312,South MS,Rural,2025,Small cell attach fees,5465.47,109.11
SITE-10312,South MS,Rural,2025,NOC / dispatch (allocated),7730.6,109.11
SITE-10312,South MS,Rural,2025,Spares & logistics,5099.17,109.11
SITE-10313,South MS,Suburban,2025,Tower / Collocation,20948.05,19.31
SITE-10313,South MS,Suburban,2025,MW transport — 3rd party,13749.49,19.31
SITE-10313,South MS,Suburban,2025,Fiber backhaul circuit,11201.77,19.31
SITE-10313,South MS,Suburban,2025,Field workforce (contract),14085.8,19.31
SITE-10313,South MS,Suburban,2025,OEM RAN maint.,10771.82,19.31
SITE-10313,South MS,Suburban,2025,Power & gen fuel,4893.12,19.31
SITE-10313,South MS,Suburban,2025,Small cell attach fees,4045.29,19.31
SITE-10313,South MS,Suburban,2025,NOC / dispatch (allocated),5688.94,19.31
SITE-10313,South MS,Suburban,2025,Spares & logistics,4356.11,19.31
SITE-10314,AL Panhandle,Suburban,2025,Tower / Collocation,21287.67,85.45
SITE-10314,AL Panhandle,Suburban,2025,MW transport — 3rd party,14842.26,85.45
SITE-10314,AL Panhandle,Suburban,2025,Fiber backhaul circuit,10246.65,85.45
SITE-10314,AL Panhandle,Suburban,2025,Field workforce (contract),14467.04,85.45
SITE-10314,AL Panhandle,Suburban,2025,OEM RAN maint.,11096.06,85.45
SITE-10314,AL Panhandle,Suburban,2025,Power & gen fuel,5478.85,85.45
SITE-10314,AL Panhandle,Suburban,2025,Small cell attach fees,4332.83,85.45
SITE-10314,AL Panhandle,Suburban,2025,NOC / dispatch (allocated),5738.19,85.45
SITE-10314,AL Panhandle,Suburban,2025,Spares & logistics,4216.62,85.45
SITE-10315,TN Border,Rural,2025,Tower / Collocation,25625.49,92.62
SITE-10315,TN Border,Rural,2025,MW transport — 3rd party,18517.34,92.62
SITE-10315,TN Border,Rural,2025,Fiber backhaul circuit,13039.71,92.62
SITE-10315,TN Border,Rural,2025,Field workforce (contract),21807.9,92.62
SITE-10315,TN Border,Rural,2025,OEM RAN maint.,13156.06,92.62
SITE-10315,TN Border,Rural,2025,Power & gen fuel,5790.8,92.62
SITE-10315,TN Border,Rural,2025,Small cell attach fees,5533.28,92.62
SITE-10315,TN Border,Rural,2025,NOC / dispatch (allocated),7324.04,92.62
SITE-10315,TN Border,Rural,2025,Spares & logistics,5080.52,92.62
SITE-10316,South MS,Suburban,2025,Tower / Collocation,19994.47,79.53
SITE-10316,South MS,Suburban,2025,MW transport — 3rd party,15095.63,79.53
SITE-10316,South MS,Suburban,2025,Fiber backhaul circuit,10529.6,79.53
SITE-10316,South MS,Suburban,2025,Field workforce (contract),14753.05,79.53
SITE-10316,South MS,Suburban,2025,OEM RAN maint.,10565.3,79.53
SITE-10316,South MS,Suburban,2025,Power & gen fuel,5357.72,79.53
SITE-10316,South MS,Suburban,2025,Small cell attach fees,4029.99,79.53
SITE-10316,South MS,Suburban,2025,NOC / dispatch (allocated),5523.32,79.53
SITE-10316,South MS,Suburban,2025,Spares & logistics,4424.0,79.53
SITE-10317,North MS,Suburban,2025,Tower / Collocation,20096.41,41.87
SITE-10317,North MS,Suburban,2025,MW transport — 3rd party,15221.46,41.87
SITE-10317,North MS,Suburban,2025,Fiber backhaul circuit,10132.42,41.87
SITE-10317,North MS,Suburban,2025,Field workforce (contract),14590.55,41.87
SITE-10317,North MS,Suburban,2025,OEM RAN maint.,11075.34,41.87
SITE-10317,North MS,Suburban,2025,Power & gen fuel,4857.77,41.87
SITE-10317,North MS,Suburban,2025,Small cell attach fees,4126.01,41.87
SITE-10317,North MS,Suburban,2025,NOC / dispatch (allocated),5552.96,41.87
SITE-10317,North MS,Suburban,2025,Spares & logistics,4017.8,41.87
SITE-10318,TN Border,Suburban,2025,Tower / Collocation,19981.16,12.98
SITE-10318,TN Border,Suburban,2025,MW transport — 3rd party,15334.69,12.98
SITE-10318,TN Border,Suburban,2025,Fiber backhaul circuit,11125.48,12.98
SITE-10318,TN Border,Suburban,2025,Field workforce (contract),15739.3,12.98
SITE-10318,TN Border,Suburban,2025,OEM RAN maint.,10949.63,12.98
SITE-10318,TN Border,Suburban,2025,Power & gen fuel,5034.57,12.98
SITE-10318,TN Border,Suburban,2025,Small cell attach fees,4053.63,12.98
SITE-10318,TN Border,Suburban,2025,NOC / dispatch (allocated),5596.42,12.98
SITE-10318,TN Border,Suburban,2025,Spares & logistics,4168.4,12.98
SITE-10319,Rural West,Suburban,2025,Tower / Collocation,21315.38,39.31
SITE-10319,Rural West,Suburban,2025,MW transport — 3rd party,13925.0,39.31
SITE-10319,Rural West,Suburban,2025,Fiber backhaul circuit,10213.72,39.31
SITE-10319,Rural West,Suburban,2025,Field workforce (contract),16011.57,39.31
SITE-10319,Rural West,Suburban,2025,OEM RAN maint.,12115.5,39.31
SITE-10319,Rural West,Suburban,2025,Power & gen fuel,4954.78,39.31
SITE-10319,Rural West,Suburban,2025,Small cell attach fees,4298.63,39.31
SITE-10319,Rural West,Suburban,2025,NOC / dispatch (allocated),5738.81,39.31
SITE-10319,Rural West,Suburban,2025,Spares & logistics,3946.27,39.31
SITE-10320,North MS,Rural,2025,Tower / Collocation,25326.6,63.05
SITE-10320,North MS,Rural,2025,MW transport — 3rd party,16561.86,63.05
SITE-10320,North MS,Rural,2025,Fiber backhaul circuit,11866.41,63.05
SITE-10320,North MS,Rural,2025,Field workforce (contract),20802.52,63.05
SITE-10320,North MS,Rural,2025,OEM RAN maint.,14844.97,63.05
SITE-10320,North MS,Rural,2025,Power & gen fuel,6293.85,63.05
SITE-10320,North MS,Rural,2025,Small cell attach fees,5052.28,63.05
SITE-10320,North MS,Rural,2025,NOC / dispatch (allocated),6678.09,63.05
SITE-10320,North MS,Rural,2025,Spares & logistics,5232.63,63.05
SITE-10321,North MS,Urban,2025,Tower / Collocation,21788.3,55.2
SITE-10321,North MS,Urban,2025,MW transport — 3rd party,14218.25,55.2
SITE-10321,North MS,Urban,2025,Fiber backhaul circuit,10135.91,55.2
SITE-10321,North MS,Urban,2025,Field workforce (contract),14192.0,55.2
SITE-10321,North MS,Urban,2025,OEM RAN maint.,10555.37,55.2
SITE-10321,North MS,Urban,2025,Power & gen fuel,5042.9,55.2
SITE-10321,North MS,Urban,2025,Small cell attach fees,4510.67,55.2
SITE-10321,North MS,Urban,2025,NOC / dispatch (allocated),5706.35,55.2
SITE-10321,North MS,Urban,2025,Spares & logistics,4300.36,55.2
SITE-10322,AL Panhandle,Suburban,2025,Tower / Collocation,20378.6,21.32
SITE-10322,AL Panhandle,Suburban,2025,MW transport — 3rd party,14785.98,21.32
SITE-10322,AL Panhandle,Suburban,2025,Fiber backhaul circuit,10369.85,21.32
SITE-10322,AL Panhandle,Suburban,2025,Field workforce (contract),15873.31,21.32
SITE-10322,AL Panhandle,Suburban,2025,OEM RAN maint.,12095.91,21.32
SITE-10322,AL Panhandle,Suburban,2025,Power & gen fuel,5310.83,21.32
SITE-10322,AL Panhandle,Suburban,2025,Small cell attach fees,4584.73,21.32
SITE-10322,AL Panhandle,Suburban,2025,NOC / dispatch (allocated),6192.15,21.32
SITE-10322,AL Panhandle,Suburban,2025,Spares & logistics,4489.48,21.32
SITE-10323,North MS,Rural,2025,Tower / Collocation,26604.72,100.15
SITE-10323,North MS,Rural,2025,MW transport — 3rd party,18655.54,100.15
SITE-10323,North MS,Rural,2025,Fiber backhaul circuit,12639.26,100.15
SITE-10323,North MS,Rural,2025,Field workforce (contract),21792.75,100.15
SITE-10323,North MS,Rural,2025,OEM RAN maint.,13876.29,100.15
SITE-10323,North MS,Rural,2025,Power & gen fuel,6527.11,100.15
SITE-10323,North MS,Rural,2025,Small cell attach fees,5093.44,100.15
SITE-10323,North MS,Rural,2025,NOC / dispatch (allocated),7578.84,100.15
SITE-10323,North MS,Rural,2025,Spares & logistics,5396.67,100.15
SITE-10324,TN Border,Rural,2025,Tower / Collocation,26422.47,97.63
SITE-10324,TN Border,Rural,2025,MW transport — 3rd party,18659.99,97.63
SITE-10324,TN Border,Rural,2025,Fiber backhaul circuit,13515.75,97.63
SITE-10324,TN Border,Rural,2025,Field workforce (contract),21571.82,97.63
SITE-10324,TN Border,Rural,2025,OEM RAN maint.,14018.52,97.63
SITE-10324,TN Border,Rural,2025,Power & gen fuel,5851.02,97.63
SITE-10324,TN Border,Rural,2025,Small cell attach fees,5541.37,97.63
SITE-10324,TN Border,Rural,2025,NOC / dispatch (allocated),6927.39,97.63
SITE-10324,TN Border,Rural,2025,Spares & logistics,5335.18,97.63
SITE-10325,South MS,Rural,2025,Tower / Collocation,24206.45,64.94
SITE-10325,South MS,Rural,2025,MW transport — 3rd party,16574.39,64.94
SITE-10325,South MS,Rural,2025,Fiber backhaul circuit,13413.41,64.94
SITE-10325,South MS,Rural,2025,Field workforce (contract),21357.69,64.94
SITE-10325,South MS,Rural,2025,OEM RAN maint.,12935.39,64.94
SITE-10325,South MS,Rural,2025,Power & gen fuel,6394.59,64.94
SITE-10325,South MS,Rural,2025,Small cell attach fees,4944.14,64.94
SITE-10325,South MS,Rural,2025,NOC / dispatch (allocated),7644.21,64.94
SITE-10325,South MS,Rural,2025,Spares & logistics,4993.09,64.94
SITE-10326,Rural West,Urban,2025,Tower / Collocation,20778.92,52.5
SITE-10326,Rural West,Urban,2025,MW transport — 3rd party,14973.03,52.5
SITE-10326,Rural West,Urban,2025,Fiber backhaul circuit,10412.69,52.5
SITE-10326,Rural West,Urban,2025,Field workforce (contract),14917.66,52.5
SITE-10326,Rural West,Urban,2025,OEM RAN maint.,10988.34,52.5
SITE-10326,Rural West,Urban,2025,Power & gen fuel,4918.97,52.5
SITE-10326,Rural West,Urban,2025,Small cell attach fees,4540.94,52.5
SITE-10326,Rural West,Urban,2025,NOC / dispatch (allocated),5631.15,52.5
SITE-10326,Rural West,Urban,2025,Spares & logistics,4581.96,52.5
SITE-10327,North MS,Suburban,2025,Tower / Collocation,20101.85,15.69
SITE-10327,North MS,Suburban,2025,MW transport — 3rd party,13377.23,15.69
SITE-10327,North MS,Suburban,2025,Fiber backhaul circuit,10957.95,15.69
SITE-10327,North MS,Suburban,2025,Field workforce (contract),15330.73,15.69
SITE-10327,North MS,Suburban,2025,OEM RAN maint.,11126.04,15.69
SITE-10327,North MS,Suburban,2025,Power & gen fuel,5232.23,15.69
SITE-10327,North MS,Suburban,2025,Small cell attach fees,4338.84,15.69
SITE-10327,North MS,Suburban,2025,NOC / dispatch (allocated),6368.76,15.69
SITE-10327,North MS,Suburban,2025,Spares & logistics,4563.66,15.69
SITE-10328,TN Border,Suburban,2025,Tower / Collocation,20914.86,76.94
SITE-10328,TN Border,Suburban,2025,MW transport — 3rd party,14865.12,76.94
SITE-10328,TN Border,Suburban,2025,Fiber backhaul circuit,9765.36,76.94
SITE-10328,TN Border,Suburban,2025,Field workforce (contract),15931.64,76.94
SITE-10328,TN Border,Suburban,2025,OEM RAN maint.,12268.16,76.94
SITE-10328,TN Border,Suburban,2025,Power & gen fuel,4761.34,76.94
SITE-10328,TN Border,Suburban,2025,Small cell attach fees,4478.56,76.94
SITE-10328,TN Border,Suburban,2025,NOC / dispatch (allocated),6362.2,76.94
SITE-10328,TN Border,Suburban,2025,Spares & logistics,4063.81,76.94
SITE-10329,Rural West,Suburban,2025,Tower / Collocation,22486.24,88.72
SITE-10329,Rural West,Suburban,2025,MW transport — 3rd party,13537.22,88.72
SITE-10329,Rural West,Suburban,2025,Fiber backhaul circuit,10219.0,88.72
SITE-10329,Rural West,Suburban,2025,Field workforce (contract),15785.06,88.72
SITE-10329,Rural West,Suburban,2025,OEM RAN maint.,10915.05,88.72
SITE-10329,Rural West,Suburban,2025,Power & gen fuel,4957.01,88.72
SITE-10329,Rural West,Suburban,2025,Small cell attach fees,3925.84,88.72
SITE-10329,Rural West,Suburban,2025,NOC / dispatch (allocated),5620.15,88.72
SITE-10329,Rural West,Suburban,2025,Spares & logistics,4292.38,88.72
SITE-10330,AL Panhandle,Suburban,2025,Tower / Collocation,20660.1,75.72
SITE-10330,AL Panhandle,Suburban,2025,MW transport — 3rd party,13872.57,75.72
SITE-10330,AL Panhandle,Suburban,2025,Fiber backhaul circuit,9660.35,75.72
SITE-10330,AL Panhandle,Suburban,2025,Field workforce (contract),14581.83,75.72
SITE-10330,AL Panhandle,Suburban,2025,OEM RAN maint.,11081.07,75.72
SITE-10330,AL Panhandle,Suburban,2025,Power & gen fuel,4837.42,75.72
SITE-10330,AL Panhandle,Suburban,2025,Small cell attach fees,3923.7,75.72
SITE-10330,AL Panhandle,Suburban,2025,NOC / dispatch (allocated),5623.89,75.72
SITE-10330,AL Panhandle,Suburban,2025,Spares & logistics,4362.95,75.72
SITE-10331,TN Border,Suburban,2025,Tower / Collocation,21943.17,89.4
SITE-10331,TN Border,Suburban,2025,MW transport — 3rd party,14550.29,89.4
SITE-10331,TN Border,Suburban,2025,Fiber backhaul circuit,9864.72,89.4
SITE-10331,TN Border,Suburban,2025,Field workforce (contract),15456.85,89.4
SITE-10331,TN Border,Suburban,2025,OEM RAN maint.,10622.67,89.4
SITE-10331,TN Border,Suburban,2025,Power & gen fuel,5043.6,89.4
SITE-10331,TN Border,Suburban,2025,Small cell attach fees,4175.38,89.4
SITE-10331,TN Border,Suburban,2025,NOC / dispatch (allocated),5881.28,89.4
SITE-10331,TN Border,Suburban,2025,Spares & logistics,4100.28,89.4
SITE-10332,Rural West,Suburban,2025,Tower / Collocation,21372.1,74.86
SITE-10332,Rural West,Suburban,2025,MW transport — 3rd party,14482.55,74.86
SITE-10332,Rural West,Suburban,2025,Fiber backhaul circuit,9686.32,74.86
SITE-10332,Rural West,Suburban,2025,Field workforce (contract),15845.74,74.86
SITE-10332,Rural West,Suburban,2025,OEM RAN maint.,11506.22,74.86
SITE-10332,Rural West,Suburban,2025,Power & gen fuel,4912.92,74.86
SITE-10332,Rural West,Suburban,2025,Small cell attach fees,4132.93,74.86
SITE-10332,Rural West,Suburban,2025,NOC / dispatch (allocated),6364.7,74.86
SITE-10332,Rural West,Suburban,2025,Spares & logistics,4334.57,74.86
SITE-10333,Rural West,Suburban,2025,Tower / Collocation,20654.95,62.02
SITE-10333,Rural West,Suburban,2025,MW transport — 3rd party,14325.57,62.02
SITE-10333,Rural West,Suburban,2025,Fiber backhaul circuit,10120.66,62.02
SITE-10333,Rural West,Suburban,2025,Field workforce (contract),15152.76,62.02
SITE-10333,Rural West,Suburban,2025,OEM RAN maint.,11763.23,62.02
SITE-10333,Rural West,Suburban,2025,Power & gen fuel,4724.59,62.02
SITE-10333,Rural West,Suburban,2025,Small cell attach fees,4450.62,62.02
SITE-10333,Rural West,Suburban,2025,NOC / dispatch (allocated),5743.4,62.02
SITE-10333,Rural West,Suburban,2025,Spares & logistics,4374.14,62.02
SITE-10334,AL Panhandle,Suburban,2025,Tower / Collocation,22482.47,60.91
SITE-10334,AL Panhandle,Suburban,2025,MW transport — 3rd party,14413.46,60.91
SITE-10334,AL Panhandle,Suburban,2025,Fiber backhaul circuit,10861.26,60.91
SITE-10334,AL Panhandle,Suburban,2025,Field workforce (contract),15802.94,60.91
SITE-10334,AL Panhandle,Suburban,2025,OEM RAN maint.,10941.94,60.91
SITE-10334,AL Panhandle,Suburban,2025,Power & gen fuel,4923.18,60.91
SITE-10334,AL Panhandle,Suburban,2025,Small cell attach fees,4198.33,60.91
SITE-10334,AL Panhandle,Suburban,2025,NOC / dispatch (allocated),5738.37,60.91
SITE-10334,AL Panhandle,Suburban,2025,Spares & logistics,4159.39,60.91
SITE-10335,TN Border,Suburban,2025,Tower / Collocation,20005.34,60.54
SITE-10335,TN Border,Suburban,2025,MW transport — 3rd party,15095.05,60.54
SITE-10335,TN Border,Suburban,2025,Fiber backhaul circuit,10367.34,60.54
SITE-10335,TN Border,Suburban,2025,Field workforce (contract),15804.89,60.54
SITE-10335,TN Border,Suburban,2025,OEM RAN maint.,10658.94,60.54
SITE-10335,TN Border,Suburban,2025,Power & gen fuel,5075.49,60.54
SITE-10335,TN Border,Suburban,2025,Small cell attach fees,3929.19,60.54
SITE-10335,TN Border,Suburban,2025,NOC / dispatch (allocated),6117.47,60.54
SITE-10335,TN Border,Suburban,2025,Spares & logistics,4143.72,60.54
SITE-10336,AL Panhandle,Rural,2025,Tower / Collocation,24394.03,79.87
SITE-10336,AL Panhandle,Rural,2025,MW transport — 3rd party,17777.64,79.87
SITE-10336,AL Panhandle,Rural,2025,Fiber backhaul circuit,12622.68,79.87
SITE-10336,AL Panhandle,Rural,2025,Field workforce (contract),20879.67,79.87
SITE-10336,AL Panhandle,Rural,2025,OEM RAN maint.,13186.9,79.87
SITE-10336,AL Panhandle,Rural,2025,Power & gen fuel,5795.87,79.87
SITE-10336,AL Panhandle,Rural,2025,Small cell attach fees,4836.78,79.87
SITE-10336,AL Panhandle,Rural,2025,NOC / dispatch (allocated),7785.69,79.87
SITE-10336,AL Panhandle,Rural,2025,Spares & logistics,5077.74,79.87
SITE-10337,South MS,Urban,2025,Tower / Collocation,19335.43,90.9
SITE-10337,South MS,Urban,2025,MW transport — 3rd party,14206.74,90.9
SITE-10337,South MS,Urban,2025,Fiber backhaul circuit,10836.39,90.9
SITE-10337,South MS,Urban,2025,Field workforce (contract),16314.94,90.9
SITE-10337,South MS,Urban,2025,OEM RAN maint.,11813.12,90.9
SITE-10337,South MS,Urban,2025,Power & gen fuel,5070.32,90.9
SITE-10337,South MS,Urban,2025,Small cell attach fees,4572.62,90.9
SITE-10337,South MS,Urban,2025,NOC / dispatch (allocated),5511.43,90.9
SITE-10337,South MS,Urban,2025,Spares & logistics,4581.09,90.9
SITE-10338,Rural West,Rural,2025,Tower / Collocation,23927.34,42.23
SITE-10338,Rural West,Rural,2025,MW transport — 3rd party,17898.21,42.23
SITE-10338,Rural West,Rural,2025,Fiber backhaul circuit,12721.8,42.23
SITE-10338,Rural West,Rural,2025,Field workforce (contract),21400.03,42.23
SITE-10338,Rural West,Rural,2025,OEM RAN maint.,14783.69,42.23
SITE-10338,Rural West,Rural,2025,Power & gen fuel,6298.74,42.23
SITE-10338,Rural West,Rural,2025,Small cell attach fees,4994.32,42.23
SITE-10338,Rural West,Rural,2025,NOC / dispatch (allocated),7094.72,42.23
SITE-10338,Rural West,Rural,2025,Spares & logistics,4848.0,42.23
SITE-10339,Rural West,Urban,2025,Tower / Collocation,21983.8,20.47
SITE-10339,Rural West,Urban,2025,MW transport — 3rd party,14866.08,20.47
SITE-10339,Rural West,Urban,2025,Fiber backhaul circuit,10522.84,20.47
SITE-10339,Rural West,Urban,2025,Field workforce (contract),14992.45,20.47
SITE-10339,Rural West,Urban,2025,OEM RAN maint.,11731.98,20.47
SITE-10339,Rural West,Urban,2025,Power & gen fuel,5355.33,20.47
SITE-10339,Rural West,Urban,2025,Small cell attach fees,4509.24,20.47
SITE-10339,Rural West,Urban,2025,NOC / dispatch (allocated),5994.76,20.47
SITE-10339,Rural West,Urban,2025,Spares & logistics,4467.52,20.47
SITE-10340,North MS,Suburban,2025,Tower / Collocation,20563.23,83.29
SITE-10340,North MS,Suburban,2025,MW transport — 3rd party,14154.52,83.29
SITE-10340,North MS,Suburban,2025,Fiber backhaul circuit,10145.13,83.29
SITE-10340,North MS,Suburban,2025,Field workforce (contract),15345.78,83.29
SITE-10340,North MS,Suburban,2025,OEM RAN maint.,11505.98,83.29
SITE-10340,North MS,Suburban,2025,Power & gen fuel,5230.94,83.29
SITE-10340,North MS,Suburban,2025,Small cell attach fees,4202.74,83.29
SITE-10340,North MS,Suburban,2025,NOC / dispatch (allocated),5681.38,83.29
SITE-10340,North MS,Suburban,2025,Spares & logistics,4499.45,83.29
SITE-10341,AL Panhandle,Suburban,2025,Tower / Collocation,19963.33,88.3
SITE-10341,AL Panhandle,Suburban,2025,MW transport — 3rd party,14532.56,88.3
SITE-10341,AL Panhandle,Suburban,2025,Fiber backhaul circuit,10533.35,88.3
SITE-10341,AL Panhandle,Suburban,2025,Field workforce (contract),16104.53,88.3
SITE-10341,AL Panhandle,Suburban,2025,OEM RAN maint.,10763.88,88.3
SITE-10341,AL Panhandle,Suburban,2025,Power & gen fuel,5434.51,88.3
SITE-10341,AL Panhandle,Suburban,2025,Small cell attach fees,4271.37,88.3
SITE-10341,AL Panhandle,Suburban,2025,NOC / dispatch (allocated),6031.98,88.3
SITE-10341,AL Panhandle,Suburban,2025,Spares & logistics,4256.91,88.3
SITE-10342,TN Border,Urban,2025,Tower / Collocation,20416.84,30.93
SITE-10342,TN Border,Urban,2025,MW transport — 3rd party,14737.63,30.93
SITE-10342,TN Border,Urban,2025,Fiber backhaul circuit,10468.14,30.93
SITE-10342,TN Border,Urban,2025,Field workforce (contract),14304.2,30.93
SITE-10342,TN Border,Urban,2025,OEM RAN maint.,10643.59,30.93
SITE-10342,TN Border,Urban,2025,Power & gen fuel,4843.5,30.93
SITE-10342,TN Border,Urban,2025,Small cell attach fees,4039.8,30.93
SITE-10342,TN Border,Urban,2025,NOC / dispatch (allocated),6053.1,30.93
SITE-10342,TN Border,Urban,2025,Spares & logistics,4030.91,30.93
SITE-10343,AL Panhandle,Rural,2025,Tower / Collocation,23718.92,36.75
SITE-10343,AL Panhandle,Rural,2025,MW transport — 3rd party,18491.06,36.75
SITE-10343,AL Panhandle,Rural,2025,Fiber backhaul circuit,12274.05,36.75
SITE-10343,AL Panhandle,Rural,2025,Field workforce (contract),21066.59,36.75
SITE-10343,AL Panhandle,Rural,2025,OEM RAN maint.,14859.9,36.75
SITE-10343,AL Panhandle,Rural,2025,Power & gen fuel,6619.39,36.75
SITE-10343,AL Panhandle,Rural,2025,Small cell attach fees,5327.09,36.75
SITE-10343,AL Panhandle,Rural,2025,NOC / dispatch (allocated),6712.73,36.75
SITE-10343,AL Panhandle,Rural,2025,Spares & logistics,5226.91,36.75
SITE-10344,North MS,Rural,2025,Tower / Collocation,24956.76,24.11
SITE-10344,North MS,Rural,2025,MW transport — 3rd party,16927.63,24.11
SITE-10344,North MS,Rural,2025,Fiber backhaul circuit,11937.82,24.11
SITE-10344,North MS,Rural,2025,Field workforce (contract),21985.53,24.11
SITE-10344,North MS,Rural,2025,OEM RAN maint.,13342.29,24.11
SITE-10344,North MS,Rural,2025,Power & gen fuel,6026.6,24.11
SITE-10344,North MS,Rural,2025,Small cell attach fees,4812.46,24.11
SITE-10344,North MS,Rural,2025,NOC / dispatch (allocated),7207.66,24.11
SITE-10344,North MS,Rural,2025,Spares & logistics,4868.33,24.11
SITE-10345,Rural West,Suburban,2025,Tower / Collocation,22464.87,20.47
SITE-10345,Rural West,Suburban,2025,MW transport — 3rd party,13576.61,20.47
SITE-10345,Rural West,Suburban,2025,Fiber backhaul circuit,10508.67,20.47
SITE-10345,Rural West,Suburban,2025,Field workforce (contract),14558.21,20.47
SITE-10345,Rural West,Suburban,2025,OEM RAN maint.,10649.66,20.47
SITE-10345,Rural West,Suburban,2025,Power & gen fuel,4857.08,20.47
SITE-10345,Rural West,Suburban,2025,Small cell attach fees,3947.25,20.47
SITE-10345,Rural West,Suburban,2025,NOC / dispatch (allocated),5606.71,20.47
SITE-10345,Rural West,Suburban,2025,Spares & logistics,4245.57,20.47
SITE-10346,South MS,Suburban,2025,Tower / Collocation,21216.26,46.37
SITE-10346,South MS,Suburban,2025,MW transport — 3rd party,13782.14,46.37
SITE-10346,South MS,Suburban,2025,Fiber backhaul circuit,10257.66,46.37
SITE-10346,South MS,Suburban,2025,Field workforce (contract),14251.85,46.37
SITE-10346,South MS,Suburban,2025,OEM RAN maint.,10912.44,46.37
SITE-10346,South MS,Suburban,2025,Power & gen fuel,5072.87,46.37
SITE-10346,South MS,Suburban,2025,Small cell attach fees,4583.5,46.37
SITE-10346,South MS,Suburban,2025,NOC / dispatch (allocated),6422.44,46.37
SITE-10346,South MS,Suburban,2025,Spares & logistics,4576.14,46.37
SITE-10347,North MS,Suburban,2025,Tower / Collocation,20352.79,15.02
SITE-10347,North MS,Suburban,2025,MW transport — 3rd party,13790.18,15.02
SITE-10347,North MS,Suburban,2025,Fiber backhaul circuit,9657.91,15.02
SITE-10347,North MS,Suburban,2025,Field workforce (contract),14309.13,15.02
SITE-10347,North MS,Suburban,2025,OEM RAN maint.,11338.44,15.02
SITE-10347,North MS,Suburban,2025,Power & gen fuel,4969.16,15.02
SITE-10347,North MS,Suburban,2025,Small cell attach fees,4032.64,15.02
SITE-10347,North MS,Suburban,2025,NOC / dispatch (allocated),6155.73,15.02
SITE-10347,North MS,Suburban,2025,Spares & logistics,4152.84,15.02
SITE-10348,AL Panhandle,Rural,2025,Tower / Collocation,24096.59,76.78
SITE-10348,AL Panhandle,Rural,2025,MW transport — 3rd party,17429.32,76.78
SITE-10348,AL Panhandle,Rural,2025,Fiber backhaul circuit,11983.99,76.78
SITE-10348,AL Panhandle,Rural,2025,Field workforce (contract),20166.52,76.78
SITE-10348,AL Panhandle,Rural,2025,OEM RAN maint.,14091.76,76.78
SITE-10348,AL Panhandle,Rural,2025,Power & gen fuel,5946.43,76.78
SITE-10348,AL Panhandle,Rural,2025,Small cell attach fees,4880.03,76.78
SITE-10348,AL Panhandle,Rural,2025,NOC / dispatch (allocated),7705.78,76.78
SITE-10348,AL Panhandle,Rural,2025,Spares & logistics,4773.43,76.78
SITE-10349,South MS,Suburban,2025,Tower / Collocation,20108.28,55.7
SITE-10349,South MS,Suburban,2025,MW transport — 3rd party,14285.47,55.7
SITE-10349,South MS,Suburban,2025,Fiber backhaul circuit,9781.25,55.7
SITE-10349,South MS,Suburban,2025,Field workforce (contract),15841.67,55.7
SITE-10349,South MS,Suburban,2025,OEM RAN maint.,10915.31,55.7
SITE-10349,South MS,Suburban,2025,Power & gen fuel,4849.8,55.7
SITE-10349,South MS,Suburban,2025,Small cell attach fees,4124.12,55.7
SITE-10349,South MS,Suburban,2025,NOC / dispatch (allocated),6333.06,55.7
SITE-10349,South MS,Suburban,2025,Spares & logistics,4451.6,55.7
SITE-10350,AL Panhandle,Rural,2025,Tower / Collocation,25298.11,91.94
SITE-10350,AL Panhandle,Rural,2025,MW transport — 3rd party,18573.22,91.94
SITE-10350,AL Panhandle,Rural,2025,Fiber backhaul circuit,12711.68,91.94
SITE-10350,AL Panhandle,Rural,2025,Field workforce (contract),20826.56,91.94
SITE-10350,AL Panhandle,Rural,2025,OEM RAN maint.,14154.12,91.94
SITE-10350,AL Panhandle,Rural,2025,Power & gen fuel,6225.62,91.94
SITE-10350,AL Panhandle,Rural,2025,Small cell attach fees,4840.19,91.94
SITE-10350,AL Panhandle,Rural,2025,NOC / dispatch (allocated),7086.25,91.94
SITE-10350,AL Panhandle,Rural,2025,Spares & logistics,4996.18,91.94
SITE-10351,TN Border,Rural,2025,Tower / Collocation,26684.93,57.34
SITE-10351,TN Border,Rural,2025,MW transport — 3rd party,17281.65,57.34
SITE-10351,TN Border,Rural,2025,Fiber backhaul circuit,13204.29,57.34
SITE-10351,TN Border,Rural,2025,Field workforce (contract),20076.82,57.34
SITE-10351,TN Border,Rural,2025,OEM RAN maint.,14783.76,57.34
SITE-10351,TN Border,Rural,2025,Power & gen fuel,6160.78,57.34
SITE-10351,TN Border,Rural,2025,Small cell attach fees,4952.07,57.34
SITE-10351,TN Border,Rural,2025,NOC / dispatch (allocated),6911.78,57.34
SITE-10351,TN Border,Rural,2025,Spares & logistics,4956.42,57.34
SITE-10352,North MS,Suburban,2025,Tower / Collocation,21510.45,90.62
SITE-10352,North MS,Suburban,2025,MW transport — 3rd party,14502.87,90.62
SITE-10352,North MS,Suburban,2025,Fiber backhaul circuit,10385.87,90.62
SITE-10352,North MS,Suburban,2025,Field workforce (contract),16103.42,90.62
SITE-10352,North MS,Suburban,2025,OEM RAN maint.,12063.12,90.62
SITE-10352,North MS,Suburban,2025,Power & gen fuel,4931.12,90.62
SITE-10352,North MS,Suburban,2025,Small cell attach fees,4558.33,90.62
SITE-10352,North MS,Suburban,2025,NOC / dispatch (allocated),5850.15,90.62
SITE-10352,North MS,Suburban,2025,Spares & logistics,4454.05,90.62
SITE-10353,TN Border,Rural,2025,Tower / Collocation,24004.87,96.91
SITE-10353,TN Border,Rural,2025,MW transport — 3rd party,17682.82,96.91
SITE-10353,TN Border,Rural,2025,Fiber backhaul circuit,11915.59,96.91
SITE-10353,TN Border,Rural,2025,Field workforce (contract),22307.37,96.91
SITE-10353,TN Border,Rural,2025,OEM RAN maint.,13358.83,96.91
SITE-10353,TN Border,Rural,2025,Power & gen fuel,6373.03,96.91
SITE-10353,TN Border,Rural,2025,Small cell attach fees,5487.91,96.91
SITE-10353,TN Border,Rural,2025,NOC / dispatch (allocated),6842.01,96.91
SITE-10353,TN Border,Rural,2025,Spares & logistics,5061.71,96.91
SITE-10354,TN Border,Suburban,2025,Tower / Collocation,19365.9,23.21
SITE-10354,TN Border,Suburban,2025,MW transport — 3rd party,14179.13,23.21
SITE-10354,TN Border,Suburban,2025,Fiber backhaul circuit,10722.0,23.21
SITE-10354,TN Border,Suburban,2025,Field workforce (contract),15481.11,23.21
SITE-10354,TN Border,Suburban,2025,OEM RAN maint.,10795.66,23.21
SITE-10354,TN Border,Suburban,2025,Power & gen fuel,5059.77,23.21
SITE-10354,TN Border,Suburban,2025,Small cell attach fees,4161.24,23.21
SITE-10354,TN Border,Suburban,2025,NOC / dispatch (allocated),5735.04,23.21
SITE-10354,TN Border,Suburban,2025,Spares & logistics,4405.9,23.21
SITE-10355,AL Panhandle,Suburban,2025,Tower / Collocation,22362.24,54.99
SITE-10355,AL Panhandle,Suburban,2025,MW transport — 3rd party,14484.7,54.99
SITE-10355,AL Panhandle,Suburban,2025,Fiber backhaul circuit,10668.07,54.99
SITE-10355,AL Panhandle,Suburban,2025,Field workforce (contract),14255.31,54.99
SITE-10355,AL Panhandle,Suburban,2025,OEM RAN maint.,10835.68,54.99
SITE-10355,AL Panhandle,Suburban,2025,Power & gen fuel,4774.38,54.99
SITE-10355,AL Panhandle,Suburban,2025,Small cell attach fees,4430.07,54.99
SITE-10355,AL Panhandle,Suburban,2025,NOC / dispatch (allocated),6269.8,54.99
SITE-10355,AL Panhandle,Suburban,2025,Spares & logistics,4036.79,54.99
SITE-10356,South MS,Urban,2025,Tower / Collocation,21352.14,59.42
SITE-10356,South MS,Urban,2025,MW transport — 3rd party,14824.35,59.42
SITE-10356,South MS,Urban,2025,Fiber backhaul circuit,11150.91,59.42
SITE-10356,South MS,Urban,2025,Field workforce (contract),14798.26,59.42
SITE-10356,South MS,Urban,2025,OEM RAN maint.,11714.19,59.42
SITE-10356,South MS,Urban,2025,Power & gen fuel,5148.73,59.42
SITE-10356,South MS,Urban,2025,Small cell attach fees,4117.97,59.42
SITE-10356,South MS,Urban,2025,NOC / dispatch (allocated),6337.86,59.42
SITE-10356,South MS,Urban,2025,Spares & logistics,3974.93,59.42
SITE-10357,South MS,Rural,2025,Tower / Collocation,27065.7,99.86
SITE-10357,South MS,Rural,2025,MW transport — 3rd party,17494.29,99.86
SITE-10357,South MS,Rural,2025,Fiber backhaul circuit,12327.43,99.86
SITE-10357,South MS,Rural,2025,Field workforce (contract),22439.04,99.86
SITE-10357,South MS,Rural,2025,OEM RAN maint.,14443.02,99.86
SITE-10357,South MS,Rural,2025,Power & gen fuel,6180.31,99.86
SITE-10357,South MS,Rural,2025,Small cell attach fees,5370.71,99.86
SITE-10357,South MS,Rural,2025,NOC / dispatch (allocated),6942.22,99.86
SITE-10357,South MS,Rural,2025,Spares & logistics,5223.75,99.86
SITE-10358,Rural West,Rural,2025,Tower / Collocation,27210.75,70.1
SITE-10358,Rural West,Rural,2025,MW transport — 3rd party,18274.68,70.1
SITE-10358,Rural West,Rural,2025,Fiber backhaul circuit,13475.42,70.1
SITE-10358,Rural West,Rural,2025,Field workforce (contract),20929.54,70.1
SITE-10358,Rural West,Rural,2025,OEM RAN maint.,14942.92,70.1
SITE-10358,Rural West,Rural,2025,Power & gen fuel,5836.46,70.1
SITE-10358,Rural West,Rural,2025,Small cell attach fees,5165.47,70.1
SITE-10358,Rural West,Rural,2025,NOC / dispatch (allocated),7186.09,70.1
SITE-10358,Rural West,Rural,2025,Spares & logistics,5395.91,70.1
SITE-10359,South MS,Rural,2025,Tower / Collocation,25894.16,100.25
SITE-10359,South MS,Rural,2025,MW transport — 3rd party,17239.9,100.25
SITE-10359,South MS,Rural,2025,Fiber backhaul circuit,12710.57,100.25
SITE-10359,South MS,Rural,2025,Field workforce (contract),21352.73,100.25
SITE-10359,South MS,Rural,2025,OEM RAN maint.,12780.86,100.25
SITE-10359,South MS,Rural,2025,Power & gen fuel,6183.01,100.25
SITE-10359,South MS,Rural,2025,Small cell attach fees,5443.32,100.25
SITE-10359,South MS,Rural,2025,NOC / dispatch (allocated),7451.42,100.25
SITE-10359,South MS,Rural,2025,Spares & logistics,5393.66,100.25
SITE-10360,North MS,Suburban,2025,Tower / Collocation,20551.92,10.91
SITE-10360,North MS,Suburban,2025,MW transport — 3rd party,14335.32,10.91
SITE-10360,North MS,Suburban,2025,Fiber backhaul circuit,10061.85,10.91
SITE-10360,North MS,Suburban,2025,Field workforce (contract),14152.48,10.91
SITE-10360,North MS,Suburban,2025,OEM RAN maint.,11772.04,10.91
SITE-10360,North MS,Suburban,2025,Power & gen fuel,5047.03,10.91
SITE-10360,North MS,Suburban,2025,Small cell attach fees,4192.66,10.91
SITE-10360,North MS,Suburban,2025,NOC / dispatch (allocated),5711.99,10.91
SITE-10360,North MS,Suburban,2025,Spares & logistics,4275.72,10.91
SITE-10361,AL Panhandle,Suburban,2025,Tower / Collocation,21215.0,49.24
SITE-10361,AL Panhandle,Suburban,2025,MW transport — 3rd party,13257.27,49.24
SITE-10361,AL Panhandle,Suburban,2025,Fiber backhaul circuit,11155.1,49.24
SITE-10361,AL Panhandle,Suburban,2025,Field workforce (contract),14250.02,49.24
SITE-10361,AL Panhandle,Suburban,2025,OEM RAN maint.,11334.3,49.24
SITE-10361,AL Panhandle,Suburban,2025,Power & gen fuel,4861.22,49.24
SITE-10361,AL Panhandle,Suburban,2025,Small cell attach fees,4266.17,49.24
SITE-10361,AL Panhandle,Suburban,2025,NOC / dispatch (allocated),5740.78,49.24
SITE-10361,AL Panhandle,Suburban,2025,Spares & logistics,4494.8,49.24
SITE-10362,North MS,Suburban,2025,Tower / Collocation,19333.51,29.65
SITE-10362,North MS,Suburban,2025,MW transport — 3rd party,14173.5,29.65
SITE-10362,North MS,Suburban,2025,Fiber backhaul circuit,10533.13,29.65
SITE-10362,North MS,Suburban,2025,Field workforce (contract),15200.97,29.65
SITE-10362,North MS,Suburban,2025,OEM RAN maint.,12268.49,29.65
SITE-10362,North MS,Suburban,2025,Power & gen fuel,5268.78,29.65
SITE-10362,North MS,Suburban,2025,Small cell attach fees,4587.06,29.65
SITE-10362,North MS,Suburban,2025,NOC / dispatch (allocated),5754.9,29.65
SITE-10362,North MS,Suburban,2025,Spares & logistics,4446.56,29.65
SITE-10363,TN Border,Suburban,2025,Tower / Collocation,22572.11,61.22
SITE-10363,TN Border,Suburban,2025,MW transport — 3rd party,14748.88,61.22
SITE-10363,TN Border,Suburban,2025,Fiber backhaul circuit,11140.23,61.22
SITE-10363,TN Border,Suburban,2025,Field workforce (contract),15852.64,61.22
SITE-10363,TN Border,Suburban,2025,OEM RAN maint.,10742.92,61.22
SITE-10363,TN Border,Suburban,2025,Power & gen fuel,5262.73,61.22
SITE-10363,TN Border,Suburban,2025,Small cell attach fees,4239.33,61.22
SITE-10363,TN Border,Suburban,2025,NOC / dispatch (allocated),6348.7,61.22
SITE-10363,TN Border,Suburban,2025,Spares & logistics,4458.65,61.22
SITE-10364,Rural West,Urban,2025,Tower / Collocation,20921.36,14.06
SITE-10364,Rural West,Urban,2025,MW transport — 3rd party,13428.72,14.06
SITE-10364,Rural West,Urban,2025,Fiber backhaul circuit,10846.78,14.06
SITE-10364,Rural West,Urban,2025,Field workforce (contract),15428.17,14.06
SITE-10364,Rural West,Urban,2025,OEM RAN maint.,12037.94,14.06
SITE-10364,Rural West,Urban,2025,Power & gen fuel,4920.31,14.06
SITE-10364,Rural West,Urban,2025,Small cell attach fees,4263.02,14.06
SITE-10364,Rural West,Urban,2025,NOC / dispatch (allocated),5585.84,14.06
SITE-10364,Rural West,Urban,2025,Spares & logistics,4511.53,14.06
SITE-10365,North MS,Urban,2025,Tower / Collocation,19955.61,16.91
SITE-10365,North MS,Urban,2025,MW transport — 3rd party,15099.52,16.91
SITE-10365,North MS,Urban,2025,Fiber backhaul circuit,9811.53,16.91
SITE-10365,North MS,Urban,2025,Field workforce (contract),15580.12,16.91
SITE-10365,North MS,Urban,2025,OEM RAN maint.,11873.98,16.91
SITE-10365,North MS,Urban,2025,Power & gen fuel,5304.88,16.91
SITE-10365,North MS,Urban,2025,Small cell attach fees,4039.24,16.91
SITE-10365,North MS,Urban,2025,NOC / dispatch (allocated),5532.67,16.91
SITE-10365,North MS,Urban,2025,Spares & logistics,4215.19,16.91
SITE-10366,TN Border,Urban,2025,Tower / Collocation,20774.28,39.03
SITE-10366,TN Border,Urban,2025,MW transport — 3rd party,13504.07,39.03
SITE-10366,TN Border,Urban,2025,Fiber backhaul circuit,10585.18,39.03
SITE-10366,TN Border,Urban,2025,Field workforce (contract),14530.16,39.03
SITE-10366,TN Border,Urban,2025,OEM RAN maint.,11751.16,39.03
SITE-10366,TN Border,Urban,2025,Power & gen fuel,4750.07,39.03
SITE-10366,TN Border,Urban,2025,Small cell attach fees,4573.61,39.03
SITE-10366,TN Border,Urban,2025,NOC / dispatch (allocated),6125.67,39.03
SITE-10366,TN Border,Urban,2025,Spares & logistics,4033.58,39.03
SITE-10367,TN Border,Urban,2025,Tower / Collocation,19780.56,37.1
SITE-10367,TN Border,Urban,2025,MW transport — 3rd party,13745.72,37.1
SITE-10367,TN Border,Urban,2025,Fiber backhaul circuit,11096.55,37.1
SITE-10367,TN Border,Urban,2025,Field workforce (contract),15552.65,37.1
SITE-10367,TN Border,Urban,2025,OEM RAN maint.,10832.62,37.1
SITE-10367,TN Border,Urban,2025,Power & gen fuel,5146.23,37.1
SITE-10367,TN Border,Urban,2025,Small cell attach fees,4083.93,37.1
SITE-10367,TN Border,Urban,2025,NOC / dispatch (allocated),6403.34,37.1
SITE-10367,TN Border,Urban,2025,Spares & logistics,3932.27,37.1
SITE-10368,South MS,Rural,2025,Tower / Collocation,24046.77,19.38
SITE-10368,South MS,Rural,2025,MW transport — 3rd party,17119.56,19.38
SITE-10368,South MS,Rural,2025,Fiber backhaul circuit,13437.08,19.38
SITE-10368,South MS,Rural,2025,Field workforce (contract),21447.22,19.38
SITE-10368,South MS,Rural,2025,OEM RAN maint.,14187.19,19.38
SITE-10368,South MS,Rural,2025,Power & gen fuel,6459.84,19.38
SITE-10368,South MS,Rural,2025,Small cell attach fees,5420.37,19.38
SITE-10368,South MS,Rural,2025,NOC / dispatch (allocated),7182.64,19.38
SITE-10368,South MS,Rural,2025,Spares & logistics,5157.25,19.38
SITE-10369,TN Border,Rural,2025,Tower / Collocation,26818.67,43.28
SITE-10369,TN Border,Rural,2025,MW transport — 3rd party,16105.05,43.28
SITE-10369,TN Border,Rural,2025,Fiber backhaul circuit,12071.91,43.28
SITE-10369,TN Border,Rural,2025,Field workforce (contract),22345.09,43.28
SITE-10369,TN Border,Rural,2025,OEM RAN maint.,13489.39,43.28
SITE-10369,TN Border,Rural,2025,Power & gen fuel,5833.75,43.28
SITE-10369,TN Border,Rural,2025,Small cell attach fees,4891.89,43.28
SITE-10369,TN Border,Rural,2025,NOC / dispatch (allocated),7245.48,43.28
SITE-10369,TN Border,Rural,2025,Spares & logistics,5435.25,43.28
SITE-10370,Rural West,Urban,2025,Tower / Collocation,22472.7,48.47
SITE-10370,Rural West,Urban,2025,MW transport — 3rd party,13885.28,48.47
SITE-10370,Rural West,Urban,2025,Fiber backhaul circuit,11241.35,48.47
SITE-10370,Rural West,Urban,2025,Field workforce (contract),16249.04,48.47
SITE-10370,Rural West,Urban,2025,OEM RAN maint.,11027.61,48.47
SITE-10370,Rural West,Urban,2025,Power & gen fuel,5358.63,48.47
SITE-10370,Rural West,Urban,2025,Small cell attach fees,4376.39,48.47
SITE-10370,Rural West,Urban,2025,NOC / dispatch (allocated),5961.25,48.47
SITE-10370,Rural West,Urban,2025,Spares & logistics,4197.58,48.47
SITE-10371,North MS,Rural,2025,Tower / Collocation,26422.53,107.8
SITE-10371,North MS,Rural,2025,MW transport — 3rd party,18832.96,107.8
SITE-10371,North MS,Rural,2025,Fiber backhaul circuit,12645.97,107.8
SITE-10371,North MS,Rural,2025,Field workforce (contract),22368.02,107.8
SITE-10371,North MS,Rural,2025,OEM RAN maint.,14646.06,107.8
SITE-10371,North MS,Rural,2025,Power & gen fuel,5894.83,107.8
SITE-10371,North MS,Rural,2025,Small cell attach fees,4772.66,107.8
SITE-10371,North MS,Rural,2025,NOC / dispatch (allocated),7100.12,107.8
SITE-10371,North MS,Rural,2025,Spares & logistics,5443.95,107.8
SITE-10372,AL Panhandle,Suburban,2025,Tower / Collocation,20459.32,8.64
SITE-10372,AL Panhandle,Suburban,2025,MW transport — 3rd party,14660.28,8.64
SITE-10372,AL Panhandle,Suburban,2025,Fiber backhaul circuit,9851.65,8.64
SITE-10372,AL Panhandle,Suburban,2025,Field workforce (contract),16270.89,8.64
SITE-10372,AL Panhandle,Suburban,2025,OEM RAN maint.,10795.72,8.64
SITE-10372,AL Panhandle,Suburban,2025,Power & gen fuel,5434.39,8.64
SITE-10372,AL Panhandle,Suburban,2025,Small cell attach fees,4057.14,8.64
SITE-10372,AL Panhandle,Suburban,2025,NOC / dispatch (allocated),6420.55,8.64
SITE-10372,AL Panhandle,Suburban,2025,Spares & logistics,4321.23,8.64
SITE-10373,TN Border,Urban,2025,Tower / Collocation,19519.55,13.68
SITE-10373,TN Border,Urban,2025,MW transport — 3rd party,14601.27,13.68
SITE-10373,TN Border,Urban,2025,Fiber backhaul circuit,10990.71,13.68
SITE-10373,TN Border,Urban,2025,Field workforce (contract),15062.45,13.68
SITE-10373,TN Border,Urban,2025,OEM RAN maint.,11323.17,13.68
SITE-10373,TN Border,Urban,2025,Power & gen fuel,5172.86,13.68
SITE-10373,TN Border,Urban,2025,Small cell attach fees,4272.47,13.68
SITE-10373,TN Border,Urban,2025,NOC / dispatch (allocated),6129.03,13.68
SITE-10373,TN Border,Urban,2025,Spares & logistics,4230.81,13.68
SITE-10374,North MS,Rural,2025,Tower / Collocation,23398.47,53.87
SITE-10374,North MS,Rural,2025,MW transport — 3rd party,16397.63,53.87
SITE-10374,North MS,Rural,2025,Fiber backhaul circuit,12798.25,53.87
SITE-10374,North MS,Rural,2025,Field workforce (contract),20789.71,53.87
SITE-10374,North MS,Rural,2025,OEM RAN maint.,14817.72,53.87
SITE-10374,North MS,Rural,2025,Power & gen fuel,6306.02,53.87
SITE-10374,North MS,Rural,2025,Small cell attach fees,5166.77,53.87
SITE-10374,North MS,Rural,2025,NOC / dispatch (allocated),7553.82,53.87
SITE-10374,North MS,Rural,2025,Spares & logistics,4951.08,53.87
SITE-10375,Rural West,Rural,2025,Tower / Collocation,25865.17,11.57
SITE-10375,Rural West,Rural,2025,MW transport — 3rd party,18655.75,11.57
SITE-10375,Rural West,Rural,2025,Fiber backhaul circuit,13274.05,11.57
SITE-10375,Rural West,Rural,2025,Field workforce (contract),22527.37,11.57
SITE-10375,Rural West,Rural,2025,OEM RAN maint.,13614.96,11.57
SITE-10375,Rural West,Rural,2025,Power & gen fuel,6500.61,11.57
SITE-10375,Rural West,Rural,2025,Small cell attach fees,5191.89,11.57
SITE-10375,Rural West,Rural,2025,NOC / dispatch (allocated),7346.75,11.57
SITE-10375,Rural West,Rural,2025,Spares & logistics,4786.55,11.57
SITE-10376,Rural West,Urban,2025,Tower / Collocation,21753.1,13.12
SITE-10376,Rural West,Urban,2025,MW transport — 3rd party,15177.42,13.12
SITE-10376,Rural West,Urban,2025,Fiber backhaul circuit,11176.33,13.12
SITE-10376,Rural West,Urban,2025,Field workforce (contract),14325.13,13.12
SITE-10376,Rural West,Urban,2025,OEM RAN maint.,12227.74,13.12
SITE-10376,Rural West,Urban,2025,Power & gen fuel,4747.18,13.12
SITE-10376,Rural West,Urban,2025,Small cell attach fees,4232.36,13.12
SITE-10376,Rural West,Urban,2025,NOC / dispatch (allocated),6273.92,13.12
SITE-10376,Rural West,Urban,2025,Spares & logistics,3957.81,13.12
SITE-10377,AL Panhandle,Urban,2025,Tower / Collocation,20981.77,10.17
SITE-10377,AL Panhandle,Urban,2025,MW transport — 3rd party,15111.87,10.17
SITE-10377,AL Panhandle,Urban,2025,Fiber backhaul circuit,9847.75,10.17
SITE-10377,AL Panhandle,Urban,2025,Field workforce (contract),14381.05,10.17
SITE-10377,AL Panhandle,Urban,2025,OEM RAN maint.,11549.29,10.17
SITE-10377,AL Panhandle,Urban,2025,Power & gen fuel,4883.19,10.17
SITE-10377,AL Panhandle,Urban,2025,Small cell attach fees,4406.55,10.17
SITE-10377,AL Panhandle,Urban,2025,NOC / dispatch (allocated),6378.05,10.17
SITE-10377,AL Panhandle,Urban,2025,Spares & logistics,4430.9,10.17
SITE-10378,TN Border,Rural,2025,Tower / Collocation,24091.57,112.58
SITE-10378,TN Border,Rural,2025,MW transport — 3rd party,16237.78,112.58
SITE-10378,TN Border,Rural,2025,Fiber backhaul circuit,13006.24,112.58
SITE-10378,TN Border,Rural,2025,Field workforce (contract),19792.55,112.58
SITE-10378,TN Border,Rural,2025,OEM RAN maint.,14712.51,112.58
SITE-10378,TN Border,Rural,2025,Power & gen fuel,6369.41,112.58
SITE-10378,TN Border,Rural,2025,Small cell attach fees,5522.61,112.58
SITE-10378,TN Border,Rural,2025,NOC / dispatch (allocated),6995.3,112.58
SITE-10378,TN Border,Rural,2025,Spares & logistics,5138.59,112.58
SITE-10379,AL Panhandle,Rural,2025,Tower / Collocation,25549.13,40.77
SITE-10379,AL Panhandle,Rural,2025,MW transport — 3rd party,17887.47,40.77
SITE-10379,AL Panhandle,Rural,2025,Fiber backhaul circuit,13661.74,40.77
SITE-10379,AL Panhandle,Rural,2025,Field workforce (contract),22155.77,40.77
SITE-10379,AL Panhandle,Rural,2025,OEM RAN maint.,12997.39,40.77
SITE-10379,AL Panhandle,Rural,2025,Power & gen fuel,6155.61,40.77
SITE-10379,AL Panhandle,Rural,2025,Small cell attach fees,5223.15,40.77
SITE-10379,AL Panhandle,Rural,2025,NOC / dispatch (allocated),6802.34,40.77
SITE-10379,AL Panhandle,Rural,2025,Spares & logistics,5093.94,40.77
SITE-10380,Rural West,Suburban,2025,Tower / Collocation,19823.52,52.55
SITE-10380,Rural West,Suburban,2025,MW transport — 3rd party,14602.75,52.55
SITE-10380,Rural West,Suburban,2025,Fiber backhaul circuit,9918.57,52.55
SITE-10380,Rural West,Suburban,2025,Field workforce (contract),15847.36,52.55
SITE-10380,Rural West,Suburban,2025,OEM RAN maint.,10866.95,52.55
SITE-10380,Rural West,Suburban,2025,Power & gen fuel,5423.37,52.55
SITE-10380,Rural West,Suburban,2025,Small cell attach fees,3927.82,52.55
SITE-10380,Rural West,Suburban,2025,NOC / dispatch (allocated),5970.94,52.55
SITE-10380,Rural West,Suburban,2025,Spares & logistics,4127.67,52.55
SITE-10381,North MS,Urban,2025,Tower / Collocation,22090.12,49.03
SITE-10381,North MS,Urban,2025,MW transport — 3rd party,15350.66,49.03
SITE-10381,North MS,Urban,2025,Fiber backhaul circuit,10142.34,49.03
SITE-10381,North MS,Urban,2025,Field workforce (contract),14453.59,49.03
SITE-10381,North MS,Urban,2025,OEM RAN maint.,11826.38,49.03
SITE-10381,North MS,Urban,2025,Power & gen fuel,5166.91,49.03
SITE-10381,North MS,Urban,2025,Small cell attach fees,4046.69,49.03
SITE-10381,North MS,Urban,2025,NOC / dispatch (allocated),6197.8,49.03
SITE-10381,North MS,Urban,2025,Spares & logistics,4262.87,49.03
SITE-10382,North MS,Suburban,2025,Tower / Collocation,19872.81,46.2
SITE-10382,North MS,Suburban,2025,MW transport — 3rd party,14985.02,46.2
SITE-10382,North MS,Suburban,2025,Fiber backhaul circuit,9897.32,46.2
SITE-10382,North MS,Suburban,2025,Field workforce (contract),15981.28,46.2
SITE-10382,North MS,Suburban,2025,OEM RAN maint.,11968.71,46.2
SITE-10382,North MS,Suburban,2025,Power & gen fuel,5301.23,46.2
SITE-10382,North MS,Suburban,2025,Small cell attach fees,3923.21,46.2
SITE-10382,North MS,Suburban,2025,NOC / dispatch (allocated),5734.02,46.2
SITE-10382,North MS,Suburban,2025,Spares & logistics,4228.47,46.2
SITE-10383,South MS,Suburban,2025,Tower / Collocation,20527.15,87.97
SITE-10383,South MS,Suburban,2025,MW transport — 3rd party,15257.95,87.97
SITE-10383,South MS,Suburban,2025,Fiber backhaul circuit,9908.07,87.97
SITE-10383,South MS,Suburban,2025,Field workforce (contract),14984.89,87.97
SITE-10383,South MS,Suburban,2025,OEM RAN maint.,10605.64,87.97
SITE-10383,South MS,Suburban,2025,Power & gen fuel,5297.87,87.97
SITE-10383,South MS,Suburban,2025,Small cell attach fees,4012.44,87.97
SITE-10383,South MS,Suburban,2025,NOC / dispatch (allocated),5718.68,87.97
SITE-10383,South MS,Suburban,2025,Spares & logistics,4437.16,87.97
SITE-10384,Rural West,Suburban,2025,Tower / Collocation,20979.72,8.19
SITE-10384,Rural West,Suburban,2025,MW transport — 3rd party,13945.04,8.19
SITE-10384,Rural West,Suburban,2025,Fiber backhaul circuit,9936.36,8.19
SITE-10384,Rural West,Suburban,2025,Field workforce (contract),15578.08,8.19
SITE-10384,Rural West,Suburban,2025,OEM RAN maint.,10927.63,8.19
SITE-10384,Rural West,Suburban,2025,Power & gen fuel,5175.24,8.19
SITE-10384,Rural West,Suburban,2025,Small cell attach fees,4167.9,8.19
SITE-10384,Rural West,Suburban,2025,NOC / dispatch (allocated),5651.78,8.19
SITE-10384,Rural West,Suburban,2025,Spares & logistics,4003.91,8.19
SITE-10385,North MS,Urban,2025,Tower / Collocation,20301.03,10.6
SITE-10385,North MS,Urban,2025,MW transport — 3rd party,15319.97,10.6
SITE-10385,North MS,Urban,2025,Fiber backhaul circuit,11027.2,10.6
SITE-10385,North MS,Urban,2025,Field workforce (contract),14986.67,10.6
SITE-10385,North MS,Urban,2025,OEM RAN maint.,11562.61,10.6
SITE-10385,North MS,Urban,2025,Power & gen fuel,5154.97,10.6
SITE-10385,North MS,Urban,2025,Small cell attach fees,4473.54,10.6
SITE-10385,North MS,Urban,2025,NOC / dispatch (allocated),5698.95,10.6
SITE-10385,North MS,Urban,2025,Spares & logistics,4111.54,10.6
SITE-10386,AL Panhandle,Suburban,2025,Tower / Collocation,22210.4,35.38
SITE-10386,AL Panhandle,Suburban,2025,MW transport — 3rd party,15343.08,35.38
SITE-10386,AL Panhandle,Suburban,2025,Fiber backhaul circuit,9817.94,35.38
SITE-10386,AL Panhandle,Suburban,2025,Field workforce (contract),15197.33,35.38
SITE-10386,AL Panhandle,Suburban,2025,OEM RAN maint.,11207.12,35.38
SITE-10386,AL Panhandle,Suburban,2025,Power & gen fuel,5091.32,35.38
SITE-10386,AL Panhandle,Suburban,2025,Small cell attach fees,4287.21,35.38
SITE-10386,AL Panhandle,Suburban,2025,NOC / dispatch (allocated),5493.29,35.38
SITE-10386,AL Panhandle,Suburban,2025,Spares & logistics,4482.72,35.38
SITE-10387,North MS,Rural,2025,Tower / Collocation,26030.74,90.78
SITE-10387,North MS,Rural,2025,MW transport — 3rd party,17520.52,90.78
SITE-10387,North MS,Rural,2025,Fiber backhaul circuit,12353.12,90.78
SITE-10387,North MS,Rural,2025,Field workforce (contract),20123.54,90.78
SITE-10387,North MS,Rural,2025,OEM RAN maint.,14029.39,90.78
SITE-10387,North MS,Rural,2025,Power & gen fuel,5730.04,90.78
SITE-10387,North MS,Rural,2025,Small cell attach fees,5417.39,90.78
SITE-10387,North MS,Rural,2025,NOC / dispatch (allocated),7118.76,90.78
SITE-10387,North MS,Rural,2025,Spares & logistics,5079.76,90.78
SITE-10388,South MS,Suburban,2025,Tower / Collocation,19775.52,23.22
SITE-10388,South MS,Suburban,2025,MW transport — 3rd party,13623.93,23.22
SITE-10388,South MS,Suburban,2025,Fiber backhaul circuit,10737.62,23.22
SITE-10388,South MS,Suburban,2025,Field workforce (contract),16504.16,23.22
SITE-10388,South MS,Suburban,2025,OEM RAN maint.,10940.49,23.22
SITE-10388,South MS,Suburban,2025,Power & gen fuel,5430.98,23.22
SITE-10388,South MS,Suburban,2025,Small cell attach fees,4099.46,23.22
SITE-10388,South MS,Suburban,2025,NOC / dispatch (allocated),6090.8,23.22
SITE-10388,South MS,Suburban,2025,Spares & logistics,3937.54,23.22
SITE-10389,Rural West,Suburban,2025,Tower / Collocation,21065.71,64.95
SITE-10389,Rural West,Suburban,2025,MW transport — 3rd party,13790.45,64.95
SITE-10389,Rural West,Suburban,2025,Fiber backhaul circuit,11022.4,64.95
SITE-10389,Rural West,Suburban,2025,Field workforce (contract),16450.89,64.95
SITE-10389,Rural West,Suburban,2025,OEM RAN maint.,11349.42,64.95
SITE-10389,Rural West,Suburban,2025,Power & gen fuel,5210.91,64.95
SITE-10389,Rural West,Suburban,2025,Small cell attach fees,4447.48,64.95
SITE-10389,Rural West,Suburban,2025,NOC / dispatch (allocated),5703.9,64.95
SITE-10389,Rural West,Suburban,2025,Spares & logistics,4497.83,64.95
SITE-10390,South MS,Suburban,2025,Tower / Collocation,20234.88,17.75
SITE-10390,South MS,Suburban,2025,MW transport — 3rd party,14471.67,17.75
SITE-10390,South MS,Suburban,2025,Fiber backhaul circuit,10513.76,17.75
SITE-10390,South MS,Suburban,2025,Field workforce (contract),16157.86,17.75
SITE-10390,South MS,Suburban,2025,OEM RAN maint.,12330.84,17.75
SITE-10390,South MS,Suburban,2025,Power & gen fuel,4779.48,17.75
SITE-10390,South MS,Suburban,2025,Small cell attach fees,4094.54,17.75
SITE-10390,South MS,Suburban,2025,NOC / dispatch (allocated),5814.43,17.75
SITE-10390,South MS,Suburban,2025,Spares & logistics,4235.66,17.75
SITE-10391,TN Border,Suburban,2025,Tower / Collocation,21850.66,82.49
SITE-10391,TN Border,Suburban,2025,MW transport — 3rd party,13286.12,82.49
SITE-10391,TN Border,Suburban,2025,Fiber backhaul circuit,10396.64,82.49
SITE-10391,TN Border,Suburban,2025,Field workforce (contract),15589.04,82.49
SITE-10391,TN Border,Suburban,2025,OEM RAN maint.,11351.61,82.49
SITE-10391,TN Border,Suburban,2025,Power & gen fuel,4798.61,82.49
SITE-10391,TN Border,Suburban,2025,Small cell attach fees,4180.28,82.49
SITE-10391,TN Border,Suburban,2025,NOC / dispatch (allocated),5865.9,82.49
SITE-10391,TN Border,Suburban,2025,Spares & logistics,4037.65,82.49
SITE-10392,North MS,Rural,2025,Tower / Collocation,25443.08,82.94
SITE-10392,North MS,Rural,2025,MW transport — 3rd party,18495.75,82.94
SITE-10392,North MS,Rural,2025,Fiber backhaul circuit,11922.16,82.94
SITE-10392,North MS,Rural,2025,Field workforce (contract),20005.11,82.94
SITE-10392,North MS,Rural,2025,OEM RAN maint.,13400.93,82.94
SITE-10392,North MS,Rural,2025,Power & gen fuel,6111.99,82.94
SITE-10392,North MS,Rural,2025,Small cell attach fees,4984.0,82.94
SITE-10392,North MS,Rural,2025,NOC / dispatch (allocated),7513.61,82.94
SITE-10392,North MS,Rural,2025,Spares & logistics,4940.1,82.94
SITE-10393,South MS,Urban,2025,Tower / Collocation,21860.1,44.0
SITE-10393,South MS,Urban,2025,MW transport — 3rd party,15201.61,44.0
SITE-10393,South MS,Urban,2025,Fiber backhaul circuit,10862.97,44.0
SITE-10393,South MS,Urban,2025,Field workforce (contract),15441.71,44.0
SITE-10393,South MS,Urban,2025,OEM RAN maint.,11833.79,44.0
SITE-10393,South MS,Urban,2025,Power & gen fuel,5248.01,44.0
SITE-10393,South MS,Urban,2025,Small cell attach fees,4069.37,44.0
SITE-10393,South MS,Urban,2025,NOC / dispatch (allocated),5998.32,44.0
SITE-10393,South MS,Urban,2025,Spares & logistics,4434.01,44.0
SITE-10394,TN Border,Suburban,2025,Tower / Collocation,20954.59,49.89
SITE-10394,TN Border,Suburban,2025,MW transport — 3rd party,13450.1,49.89
SITE-10394,TN Border,Suburban,2025,Fiber backhaul circuit,10750.5,49.89
SITE-10394,TN Border,Suburban,2025,Field workforce (contract),16195.2,49.89
SITE-10394,TN Border,Suburban,2025,OEM RAN maint.,10768.59,49.89
SITE-10394,TN Border,Suburban,2025,Power & gen fuel,4990.74,49.89
SITE-10394,TN Border,Suburban,2025,Small cell attach fees,3943.09,49.89
SITE-10394,TN Border,Suburban,2025,NOC / dispatch (allocated),5502.21,49.89
SITE-10394,TN Border,Suburban,2025,Spares & logistics,4582.97,49.89
SITE-10395,TN Border,Suburban,2025,Tower / Collocation,20189.6,38.93
SITE-10395,TN Border,Suburban,2025,MW transport — 3rd party,15499.75,38.93
SITE-10395,TN Border,Suburban,2025,Fiber backhaul circuit,10056.89,38.93
SITE-10395,TN Border,Suburban,2025,Field workforce (contract),15852.53,38.93
SITE-10395,TN Border,Suburban,2025,OEM RAN maint.,11028.74,38.93
SITE-10395,TN Border,Suburban,2025,Power & gen fuel,4749.52,38.93
SITE-10395,TN Border,Suburban,2025,Small cell attach fees,4374.63,38.93
SITE-10395,TN Border,Suburban,2025,NOC / dispatch (allocated),5475.55,38.93
SITE-10395,TN Border,Suburban,2025,Spares & logistics,4369.51,38.93
SITE-10396,North MS,Suburban,2025,Tower / Collocation,21694.99,74.97
SITE-10396,North MS,Suburban,2025,MW transport — 3rd party,13299.09,74.97
SITE-10396,North MS,Suburban,2025,Fiber backhaul circuit,10813.36,74.97
SITE-10396,North MS,Suburban,2025,Field workforce (contract),16499.88,74.97
SITE-10396,North MS,Suburban,2025,OEM RAN maint.,10953.56,74.97
SITE-10396,North MS,Suburban,2025,Power & gen fuel,4915.78,74.97
SITE-10396,North MS,Suburban,2025,Small cell attach fees,4463.2,74.97
SITE-10396,North MS,Suburban,2025,NOC / dispatch (allocated),5626.7,74.97
SITE-10396,North MS,Suburban,2025,Spares & logistics,4359.2,74.97
SITE-10397,TN Border,Rural,2025,Tower / Collocation,25597.51,15.73
SITE-10397,TN Border,Rural,2025,MW transport — 3rd party,17654.19,15.73
SITE-10397,TN Border,Rural,2025,Fiber backhaul circuit,12290.52,15.73
SITE-10397,TN Border,Rural,2025,Field workforce (contract),22604.85,15.73
SITE-10397,TN Border,Rural,2025,OEM RAN maint.,13096.22,15.73
SITE-10397,TN Border,Rural,2025,Power & gen fuel,6045.72,15.73
SITE-10397,TN Border,Rural,2025,Small cell attach fees,5437.3,15.73
SITE-10397,TN Border,Rural,2025,NOC / dispatch (allocated),6853.13,15.73
SITE-10397,TN Border,Rural,2025,Spares & logistics,5414.81,15.73
SITE-10398,Rural West,Urban,2025,Tower / Collocation,21540.16,14.55
SITE-10398,Rural West,Urban,2025,MW transport — 3rd party,15063.52,14.55
SITE-10398,Rural West,Urban,2025,Fiber backhaul circuit,11058.19,14.55
SITE-10398,Rural West,Urban,2025,Field workforce (contract),16478.13,14.55
SITE-10398,Rural West,Urban,2025,OEM RAN maint.,11738.42,14.55
SITE-10398,Rural West,Urban,2025,Power & gen fuel,5319.55,14.55
SITE-10398,Rural West,Urban,2025,Small cell attach fees,4253.92,14.55
SITE-10398,Rural West,Urban,2025,NOC / dispatch (allocated),6342.93,14.55
SITE-10398,Rural West,Urban,2025,Spares & logistics,4347.76,14.55
SITE-10399,AL Panhandle,Rural,2025,Tower / Collocation,25365.95,39.88
SITE-10399,AL Panhandle,Rural,2025,MW transport — 3rd party,18083.81,39.88
SITE-10399,AL Panhandle,Rural,2025,Fiber backhaul circuit,12086.03,39.88
SITE-10399,AL Panhandle,Rural,2025,Field workforce (contract),20336.28,39.88
SITE-10399,AL Panhandle,Rural,2025,OEM RAN maint.,14902.02,39.88
SITE-10399,AL Panhandle,Rural,2025,Power & gen fuel,6115.34,39.88
SITE-10399,AL Panhandle,Rural,2025,Small cell attach fees,4887.82,39.88
SITE-10399,AL Panhandle,Rural,2025,NOC / dispatch (allocated),7015.58,39.88
SITE-10399,AL Panhandle,Rural,2025,Spares & logistics,5065.44,39.88
SITE-10400,South MS,Suburban,2025,Tower / Collocation,21452.35,93.83
SITE-10400,South MS,Suburban,2025,MW transport — 3rd party,14854.68,93.83
SITE-10400,South MS,Suburban,2025,Fiber backhaul circuit,10173.47,93.83
SITE-10400,South MS,Suburban,2025,Field workforce (contract),16174.32,93.83
SITE-10400,South MS,Suburban,2025,OEM RAN maint.,10908.18,93.83
SITE-10400,South MS,Suburban,2025,Power & gen fuel,4778.81,93.83
SITE-10400,South MS,Suburban,2025,Small cell attach fees,4571.81,93.83
SITE-10400,South MS,Suburban,2025,NOC / dispatch (allocated),6296.66,93.83
SITE-10400,South MS,Suburban,2025,Spares & logistics,4116.48,93.83
SITE-10401,Rural West,Suburban,2025,Tower / Collocation,20351.3,48.63
SITE-10401,Rural West,Suburban,2025,MW transport — 3rd party,13903.16,48.63
SITE-10401,Rural West,Suburban,2025,Fiber backhaul circuit,9862.16,48.63
SITE-10401,Rural West,Suburban,2025,Field workforce (contract),15420.73,48.63
SITE-10401,Rural West,Suburban,2025,OEM RAN maint.,11326.39,48.63
SITE-10401,Rural West,Suburban,2025,Power & gen fuel,5109.94,48.63
SITE-10401,Rural West,Suburban,2025,Small cell attach fees,4056.44,48.63
SITE-10401,Rural West,Suburban,2025,NOC / dispatch (allocated),6367.56,48.63
SITE-10401,Rural West,Suburban,2025,Spares & logistics,4344.24,48.63
SITE-10402,AL Panhandle,Rural,2025,Tower / Collocation,26798.25,87.06
SITE-10402,AL Panhandle,Rural,2025,MW transport — 3rd party,16970.57,87.06
SITE-10402,AL Panhandle,Rural,2025,Fiber backhaul circuit,12070.64,87.06
SITE-10402,AL Panhandle,Rural,2025,Field workforce (contract),20519.4,87.06
SITE-10402,AL Panhandle,Rural,2025,OEM RAN maint.,13340.27,87.06
SITE-10402,AL Panhandle,Rural,2025,Power & gen fuel,6127.79,87.06
SITE-10402,AL Panhandle,Rural,2025,Small cell attach fees,5006.59,87.06
SITE-10402,AL Panhandle,Rural,2025,NOC / dispatch (allocated),6946.14,87.06
SITE-10402,AL Panhandle,Rural,2025,Spares & logistics,5272.37,87.06
SITE-10403,North MS,Urban,2025,Tower / Collocation,21579.87,37.61
SITE-10403,North MS,Urban,2025,MW transport — 3rd party,13647.7,37.61
SITE-10403,North MS,Urban,2025,Fiber backhaul circuit,10004.41,37.61
SITE-10403,North MS,Urban,2025,Field workforce (contract),14567.23,37.61
SITE-10403,North MS,Urban,2025,OEM RAN maint.,10511.77,37.61
SITE-10403,North MS,Urban,2025,Power & gen fuel,5078.59,37.61
SITE-10403,North MS,Urban,2025,Small cell attach fees,3936.49,37.61
SITE-10403,North MS,Urban,2025,NOC / dispatch (allocated),5733.84,37.61
SITE-10403,North MS,Urban,2025,Spares & logistics,4586.47,37.61
SITE-10404,North MS,Rural,2025,Tower / Collocation,25231.82,48.96
SITE-10404,North MS,Rural,2025,MW transport — 3rd party,18403.62,48.96
SITE-10404,North MS,Rural,2025,Fiber backhaul circuit,13304.07,48.96
SITE-10404,North MS,Rural,2025,Field workforce (contract),20045.97,48.96
SITE-10404,North MS,Rural,2025,OEM RAN maint.,13011.39,48.96
SITE-10404,North MS,Rural,2025,Power & gen fuel,6097.66,48.96
SITE-10404,North MS,Rural,2025,Small cell attach fees,5454.96,48.96
SITE-10404,North MS,Rural,2025,NOC / dispatch (allocated),7650.77,48.96
SITE-10404,North MS,Rural,2025,Spares & logistics,4826.47,48.96
SITE-10405,South MS,Suburban,2025,Tower / Collocation,21567.73,21.54
SITE-10405,South MS,Suburban,2025,MW transport — 3rd party,15353.32,21.54
SITE-10405,South MS,Suburban,2025,Fiber backhaul circuit,10396.22,21.54
SITE-10405,South MS,Suburban,2025,Field workforce (contract),14279.39,21.54
SITE-10405,South MS,Suburban,2025,OEM RAN maint.,11568.86,21.54
SITE-10405,South MS,Suburban,2025,Power & gen fuel,5025.35,21.54
SITE-10405,South MS,Suburban,2025,Small cell attach fees,4461.41,21.54
SITE-10405,South MS,Suburban,2025,NOC / dispatch (allocated),5798.01,21.54
SITE-10405,South MS,Suburban,2025,Spares & logistics,4504.93,21.54
SITE-10406,TN Border,Suburban,2025,Tower / Collocation,19385.48,34.66
SITE-10406,TN Border,Suburban,2025,MW transport — 3rd party,13890.43,34.66
SITE-10406,TN Border,Suburban,2025,Fiber backhaul circuit,10740.28,34.66
SITE-10406,TN Border,Suburban,2025,Field workforce (contract),14424.31,34.66
SITE-10406,TN Border,Suburban,2025,OEM RAN maint.,10713.64,34.66
SITE-10406,TN Border,Suburban,2025,Power & gen fuel,4800.03,34.66
SITE-10406,TN Border,Suburban,2025,Small cell attach fees,3962.74,34.66
SITE-10406,TN Border,Suburban,2025,NOC / dispatch (allocated),6306.65,34.66
SITE-10406,TN Border,Suburban,2025,Spares & logistics,4552.0,34.66
SITE-10407,North MS,Urban,2025,Tower / Collocation,21738.7,74.13
SITE-10407,North MS,Urban,2025,MW transport — 3rd party,15538.66,74.13
SITE-10407,North MS,Urban,2025,Fiber backhaul circuit,10217.1,74.13
SITE-10407,North MS,Urban,2025,Field workforce (contract),14774.93,74.13
SITE-10407,North MS,Urban,2025,OEM RAN maint.,11338.24,74.13
SITE-10407,North MS,Urban,2025,Power & gen fuel,5390.97,74.13
SITE-10407,North MS,Urban,2025,Small cell attach fees,4405.44,74.13
SITE-10407,North MS,Urban,2025,NOC / dispatch (allocated),5922.99,74.13
SITE-10407,North MS,Urban,2025,Spares & logistics,4076.3,74.13
SITE-10408,TN Border,Rural,2025,Tower / Collocation,26063.77,59.91
SITE-10408,TN Border,Rural,2025,MW transport — 3rd party,17163.94,59.91
SITE-10408,TN Border,Rural,2025,Fiber backhaul circuit,12645.93,59.91
SITE-10408,TN Border,Rural,2025,Field workforce (contract),21405.98,59.91
SITE-10408,TN Border,Rural,2025,OEM RAN maint.,14453.91,59.91
SITE-10408,TN Border,Rural,2025,Power & gen fuel,6652.16,59.91
SITE-10408,TN Border,Rural,2025,Small cell attach fees,5104.16,59.91
SITE-10408,TN Border,Rural,2025,NOC / dispatch (allocated),7028.09,59.91
SITE-10408,TN Border,Rural,2025,Spares & logistics,5045.84,59.91
SITE-10409,Rural West,Urban,2025,Tower / Collocation,19558.17,33.83
SITE-10409,Rural West,Urban,2025,MW transport — 3rd party,14228.17,33.83
SITE-10409,Rural West,Urban,2025,Fiber backhaul circuit,9914.65,33.83
SITE-10409,Rural West,Urban,2025,Field workforce (contract),14924.0,33.83
SITE-10409,Rural West,Urban,2025,OEM RAN maint.,11960.61,33.83
SITE-10409,Rural West,Urban,2025,Power & gen fuel,4892.68,33.83
SITE-10409,Rural West,Urban,2025,Small cell attach fees,4326.09,33.83
SITE-10409,Rural West,Urban,2025,NOC / dispatch (allocated),6331.92,33.83
SITE-10409,Rural West,Urban,2025,Spares & logistics,4295.51,33.83
SITE-10410,Rural West,Urban,2025,Tower / Collocation,20966.15,59.36
SITE-10410,Rural West,Urban,2025,MW transport — 3rd party,13584.98,59.36
SITE-10410,Rural West,Urban,2025,Fiber backhaul circuit,10382.86,59.36
SITE-10410,Rural West,Urban,2025,Field workforce (contract),15405.43,59.36
SITE-10410,Rural West,Urban,2025,OEM RAN maint.,10998.72,59.36
SITE-10410,Rural West,Urban,2025,Power & gen fuel,5191.76,59.36
SITE-10410,Rural West,Urban,2025,Small cell attach fees,3957.71,59.36
SITE-10410,Rural West,Urban,2025,NOC / dispatch (allocated),5794.45,59.36
SITE-10410,Rural West,Urban,2025,Spares & logistics,4456.91,59.36
SITE-10411,South MS,Suburban,2025,Tower / Collocation,20642.51,60.65
SITE-10411,South MS,Suburban,2025,MW transport — 3rd party,13971.53,60.65
SITE-10411,South MS,Suburban,2025,Fiber backhaul circuit,11169.24,60.65
SITE-10411,South MS,Suburban,2025,Field workforce (contract),14916.3,60.65
SITE-10411,South MS,Suburban,2025,OEM RAN maint.,10942.69,60.65
SITE-10411,South MS,Suburban,2025,Power & gen fuel,5433.99,60.65
SITE-10411,South MS,Suburban,2025,Small cell attach fees,4417.24,60.65
SITE-10411,South MS,Suburban,2025,NOC / dispatch (allocated),6123.07,60.65
SITE-10411,South MS,Suburban,2025,Spares & logistics,3943.68,60.65
SITE-10412,South MS,Urban,2025,Tower / Collocation,20024.6,26.22
SITE-10412,South MS,Urban,2025,MW transport — 3rd party,15037.12,26.22
SITE-10412,South MS,Urban,2025,Fiber backhaul circuit,10113.31,26.22
SITE-10412,South MS,Urban,2025,Field workforce (contract),14251.25,26.22
SITE-10412,South MS,Urban,2025,OEM RAN maint.,10576.67,26.22
SITE-10412,South MS,Urban,2025,Power & gen fuel,5053.63,26.22
SITE-10412,South MS,Urban,2025,Small cell attach fees,4329.65,26.22
SITE-10412,South MS,Urban,2025,NOC / dispatch (allocated),6301.18,26.22
SITE-10412,South MS,Urban,2025,Spares & logistics,3985.35,26.22
SITE-10413,TN Border,Urban,2025,Tower / Collocation,20488.62,54.09
SITE-10413,TN Border,Urban,2025,MW transport — 3rd party,14354.02,54.09
SITE-10413,TN Border,Urban,2025,Fiber backhaul circuit,11182.63,54.09
SITE-10413,TN Border,Urban,2025,Field workforce (contract),15409.89,54.09
SITE-10413,TN Border,Urban,2025,OEM RAN maint.,11268.85,54.09
SITE-10413,TN Border,Urban,2025,Power & gen fuel,5499.38,54.09
SITE-10413,TN Border,Urban,2025,Small cell attach fees,3954.35,54.09
SITE-10413,TN Border,Urban,2025,NOC / dispatch (allocated),6361.37,54.09
SITE-10413,TN Border,Urban,2025,Spares & logistics,4251.13,54.09
SITE-10414,AL Panhandle,Suburban,2025,Tower / Collocation,20737.6,52.14
SITE-10414,AL Panhandle,Suburban,2025,MW transport — 3rd party,13870.26,52.14
SITE-10414,AL Panhandle,Suburban,2025,Fiber backhaul circuit,10738.1,52.14
SITE-10414,AL Panhandle,Suburban,2025,Field workforce (contract),15470.49,52.14
SITE-10414,AL Panhandle,Suburban,2025,OEM RAN maint.,10901.87,52.14
SITE-10414,AL Panhandle,Suburban,2025,Power & gen fuel,5270.88,52.14
SITE-10414,AL Panhandle,Suburban,2025,Small cell attach fees,4347.98,52.14
SITE-10414,AL Panhandle,Suburban,2025,NOC / dispatch (allocated),5852.26,52.14
SITE-10414,AL Panhandle,Suburban,2025,Spares & logistics,3912.99,52.14
SITE-10415,Rural West,Suburban,2025,Tower / Collocation,19519.8,8.53
SITE-10415,Rural West,Suburban,2025,MW transport — 3rd party,14234.43,8.53
SITE-10415,Rural West,Suburban,2025,Fiber backhaul circuit,9771.5,8.53
SITE-10415,Rural West,Suburban,2025,Field workforce (contract),14750.83,8.53
SITE-10415,Rural West,Suburban,2025,OEM RAN maint.,11708.21,8.53
SITE-10415,Rural West,Suburban,2025,Power & gen fuel,4943.83,8.53
SITE-10415,Rural West,Suburban,2025,Small cell attach fees,4588.4,8.53
SITE-10415,Rural West,Suburban,2025,NOC / dispatch (allocated),6346.32,8.53
SITE-10415,Rural West,Suburban,2025,Spares & logistics,4308.01,8.53
SITE-10416,Rural West,Rural,2025,Tower / Collocation,26392.73,50.04
SITE-10416,Rural West,Rural,2025,MW transport — 3rd party,16428.91,50.04
SITE-10416,Rural West,Rural,2025,Fiber backhaul circuit,13064.3,50.04
SITE-10416,Rural West,Rural,2025,Field workforce (contract),21290.58,50.04
SITE-10416,Rural West,Rural,2025,OEM RAN maint.,12773.01,50.04
SITE-10416,Rural West,Rural,2025,Power & gen fuel,5956.76,50.04
SITE-10416,Rural West,Rural,2025,Small cell attach fees,5525.23,50.04
SITE-10416,Rural West,Rural,2025,NOC / dispatch (allocated),6997.54,50.04
SITE-10416,Rural West,Rural,2025,Spares & logistics,4887.52,50.04
SITE-10417,Rural West,Urban,2025,Tower / Collocation,22092.23,49.69
SITE-10417,Rural West,Urban,2025,MW transport — 3rd party,14988.44,49.69
SITE-10417,Rural West,Urban,2025,Fiber backhaul circuit,10366.19,49.69
SITE-10417,Rural West,Urban,2025,Field workforce (contract),14586.96,49.69
SITE-10417,Rural West,Urban,2025,OEM RAN maint.,10594.28,49.69
SITE-10417,Rural West,Urban,2025,Power & gen fuel,5069.51,49.69
SITE-10417,Rural West,Urban,2025,Small cell attach fees,4464.05,49.69
SITE-10417,Rural West,Urban,2025,NOC / dispatch (allocated),6168.66,49.69
SITE-10417,Rural West,Urban,2025,Spares & logistics,4187.85,49.69
SITE-10418,AL Panhandle,Suburban,2025,Tower / Collocation,21002.66,58.37
SITE-10418,AL Panhandle,Suburban,2025,MW transport — 3rd party,14811.02,58.37
SITE-10418,AL Panhandle,Suburban,2025,Fiber backhaul circuit,10484.92,58.37
SITE-10418,AL Panhandle,Suburban,2025,Field workforce (contract),16378.62,58.37
SITE-10418,AL Panhandle,Suburban,2025,OEM RAN maint.,11292.45,58.37
SITE-10418,AL Panhandle,Suburban,2025,Power & gen fuel,4704.99,58.37
SITE-10418,AL Panhandle,Suburban,2025,Small cell attach fees,4070.73,58.37
SITE-10418,AL Panhandle,Suburban,2025,NOC / dispatch (allocated),5950.58,58.37
SITE-10418,AL Panhandle,Suburban,2025,Spares & logistics,4277.59,58.37
SITE-10419,AL Panhandle,Suburban,2025,Tower / Collocation,20188.84,70.17
SITE-10419,AL Panhandle,Suburban,2025,MW transport — 3rd party,14774.03,70.17
SITE-10419,AL Panhandle,Suburban,2025,Fiber backhaul circuit,10813.86,70.17
SITE-10419,AL Panhandle,Suburban,2025,Field workforce (contract),15082.82,70.17
SITE-10419,AL Panhandle,Suburban,2025,OEM RAN maint.,11245.18,70.17
SITE-10419,AL Panhandle,Suburban,2025,Power & gen fuel,4838.0,70.17
SITE-10419,AL Panhandle,Suburban,2025,Small cell attach fees,4191.51,70.17
SITE-10419,AL Panhandle,Suburban,2025,NOC / dispatch (allocated),6223.05,70.17
SITE-10419,AL Panhandle,Suburban,2025,Spares & logistics,4528.1,70.17
